country,year,n_obs,n_missing,pct_missing,quality_flag
Austria,1950,365,0,0.0,PASS
Austria,1951,365,0,0.0,PASS
Austria,1952,366,0,0.0,PASS
Austria,1953,365,0,0.0,PASS
Austria,1954,365,0,0.0,PASS
Austria,1955,365,0,0.0,PASS
Austria,1956,366,0,0.0,PASS
Austria,1957,365,0,0.0,PASS
Austria,1958,365,0,0.0,PASS
Austria,1959,365,0,0.0,PASS
Austria,1960,366,0,0.0,PASS
Austria,1961,365,0,0.0,PASS
Austria,1962,365,0,0.0,PASS
Austria,1963,365,0,0.0,PASS
Austria,1964,366,0,0.0,PASS
Austria,1965,365,0,0.0,PASS
Austria,1966,365,0,0.0,PASS
Austria,1967,365,0,0.0,PASS
Austria,1968,366,0,0.0,PASS
Austria,1969,365,0,0.0,PASS
Austria,1970,365,0,0.0,PASS
Austria,1971,365,0,0.0,PASS
Austria,1972,366,0,0.0,PASS
Austria,1973,365,0,0.0,PASS
Austria,1974,365,0,0.0,PASS
Austria,1975,365,0,0.0,PASS
Austria,1976,366,0,0.0,PASS
Austria,1977,365,0,0.0,PASS
Austria,1978,365,0,0.0,PASS
Austria,1979,365,0,0.0,PASS
Austria,1980,366,0,0.0,PASS
Austria,1981,365,0,0.0,PASS
Austria,1982,365,0,0.0,PASS
Austria,1983,365,0,0.0,PASS
Austria,1984,366,0,0.0,PASS
Austria,1985,365,0,0.0,PASS
Austria,1986,365,0,0.0,PASS
Austria,1987,365,0,0.0,PASS
Austria,1988,366,0,0.0,PASS
Austria,1989,365,0,0.0,PASS
Austria,1990,365,0,0.0,PASS
Austria,1991,365,0,0.0,PASS
Austria,1992,366,0,0.0,PASS
Austria,1993,365,0,0.0,PASS
Austria,1994,365,0,0.0,PASS
Austria,1995,365,0,0.0,PASS
Austria,1996,366,0,0.0,PASS
Austria,1997,365,0,0.0,PASS
Austria,1998,365,0,0.0,PASS
Austria,1999,365,0,0.0,PASS
Austria,2000,366,0,0.0,PASS
Austria,2001,365,0,0.0,PASS
Austria,2002,365,0,0.0,PASS
Austria,2003,365,0,0.0,PASS
Austria,2004,366,0,0.0,PASS
Austria,2005,365,0,0.0,PASS
Austria,2006,365,0,0.0,PASS
Austria,2007,365,0,0.0,PASS
Austria,2008,366,0,0.0,PASS
Austria,2009,365,0,0.0,PASS
Austria,2010,365,0,0.0,PASS
Austria,2011,365,0,0.0,PASS
Austria,2012,366,0,0.0,PASS
Austria,2013,365,0,0.0,PASS
Austria,2014,365,0,0.0,PASS
Austria,2015,365,0,0.0,PASS
Austria,2016,366,0,0.0,PASS
Austria,2017,365,0,0.0,PASS
Austria,2018,365,0,0.0,PASS
Austria,2019,365,0,0.0,PASS
Austria,2020,366,0,0.0,PASS
Austria,2021,365,0,0.0,PASS
Austria,2022,365,0,0.0,PASS
Austria,2023,365,0,0.0,PASS
Austria,2024,366,0,0.0,PASS
Belgium,1950,365,0,0.0,PASS
Belgium,1951,365,0,0.0,PASS
Belgium,1952,366,0,0.0,PASS
Belgium,1953,365,0,0.0,PASS
Belgium,1954,365,0,0.0,PASS
Belgium,1955,365,0,0.0,PASS
Belgium,1956,366,0,0.0,PASS
Belgium,1957,365,0,0.0,PASS
Belgium,1958,365,0,0.0,PASS
Belgium,1959,365,0,0.0,PASS
Belgium,1960,366,0,0.0,PASS
Belgium,1961,365,0,0.0,PASS
Belgium,1962,365,0,0.0,PASS
Belgium,1963,365,0,0.0,PASS
Belgium,1964,366,0,0.0,PASS
Belgium,1965,365,0,0.0,PASS
Belgium,1966,365,0,0.0,PASS
Belgium,1967,365,0,0.0,PASS
Belgium,1968,366,0,0.0,PASS
Belgium,1969,365,0,0.0,PASS
Belgium,1970,365,0,0.0,PASS
Belgium,1971,365,0,0.0,PASS
Belgium,1972,366,0,0.0,PASS
Belgium,1973,365,0,0.0,PASS
Belgium,1974,365,0,0.0,PASS
Belgium,1975,365,0,0.0,PASS
Belgium,1976,366,0,0.0,PASS
Belgium,1977,365,0,0.0,PASS
Belgium,1978,365,0,0.0,PASS
Belgium,1979,365,0,0.0,PASS
Belgium,1980,366,0,0.0,PASS
Belgium,1981,365,0,0.0,PASS
Belgium,1982,365,0,0.0,PASS
Belgium,1983,365,0,0.0,PASS
Belgium,1984,366,0,0.0,PASS
Belgium,1985,365,0,0.0,PASS
Belgium,1986,365,0,0.0,PASS
Belgium,1987,365,0,0.0,PASS
Belgium,1988,366,0,0.0,PASS
Belgium,1989,365,0,0.0,PASS
Belgium,1990,365,0,0.0,PASS
Belgium,1991,365,0,0.0,PASS
Belgium,1992,366,0,0.0,PASS
Belgium,1993,365,0,0.0,PASS
Belgium,1994,365,0,0.0,PASS
Belgium,1995,365,0,0.0,PASS
Belgium,1996,366,0,0.0,PASS
Belgium,1997,365,0,0.0,PASS
Belgium,1998,365,0,0.0,PASS
Belgium,1999,365,0,0.0,PASS
Belgium,2000,366,0,0.0,PASS
Belgium,2001,365,0,0.0,PASS
Belgium,2002,365,0,0.0,PASS
Belgium,2003,365,0,0.0,PASS
Belgium,2004,366,0,0.0,PASS
Belgium,2005,365,0,0.0,PASS
Belgium,2006,365,0,0.0,PASS
Belgium,2007,365,0,0.0,PASS
Belgium,2008,366,0,0.0,PASS
Belgium,2009,365,0,0.0,PASS
Belgium,2010,365,0,0.0,PASS
Belgium,2011,365,0,0.0,PASS
Belgium,2012,366,0,0.0,PASS
Belgium,2013,365,0,0.0,PASS
Belgium,2014,365,0,0.0,PASS
Belgium,2015,365,0,0.0,PASS
Belgium,2016,366,0,0.0,PASS
Belgium,2017,365,0,0.0,PASS
Belgium,2018,365,0,0.0,PASS
Belgium,2019,365,0,0.0,PASS
Belgium,2020,366,0,0.0,PASS
Belgium,2021,365,0,0.0,PASS
Belgium,2022,365,0,0.0,PASS
Belgium,2023,365,0,0.0,PASS
Belgium,2024,366,0,0.0,PASS
Bulgaria,1950,365,0,0.0,PASS
Bulgaria,1951,365,0,0.0,PASS
Bulgaria,1952,366,0,0.0,PASS
Bulgaria,1953,365,0,0.0,PASS
Bulgaria,1954,365,0,0.0,PASS
Bulgaria,1955,365,0,0.0,PASS
Bulgaria,1956,366,0,0.0,PASS
Bulgaria,1957,365,0,0.0,PASS
Bulgaria,1958,365,0,0.0,PASS
Bulgaria,1959,365,0,0.0,PASS
Bulgaria,1960,366,0,0.0,PASS
Bulgaria,1961,365,0,0.0,PASS
Bulgaria,1962,365,0,0.0,PASS
Bulgaria,1963,365,0,0.0,PASS
Bulgaria,1964,366,0,0.0,PASS
Bulgaria,1965,365,0,0.0,PASS
Bulgaria,1966,365,0,0.0,PASS
Bulgaria,1967,365,0,0.0,PASS
Bulgaria,1968,366,0,0.0,PASS
Bulgaria,1969,365,0,0.0,PASS
Bulgaria,1970,365,0,0.0,PASS
Bulgaria,1971,365,0,0.0,PASS
Bulgaria,1972,366,0,0.0,PASS
Bulgaria,1973,365,0,0.0,PASS
Bulgaria,1974,365,0,0.0,PASS
Bulgaria,1975,365,0,0.0,PASS
Bulgaria,1976,366,0,0.0,PASS
Bulgaria,1977,365,0,0.0,PASS
Bulgaria,1978,365,0,0.0,PASS
Bulgaria,1979,365,0,0.0,PASS
Bulgaria,1980,366,0,0.0,PASS
Bulgaria,1981,365,0,0.0,PASS
Bulgaria,1982,365,0,0.0,PASS
Bulgaria,1983,365,0,0.0,PASS
Bulgaria,1984,366,0,0.0,PASS
Bulgaria,1985,365,0,0.0,PASS
Bulgaria,1986,365,0,0.0,PASS
Bulgaria,1987,365,0,0.0,PASS
Bulgaria,1988,366,0,0.0,PASS
Bulgaria,1989,365,0,0.0,PASS
Bulgaria,1990,365,0,0.0,PASS
Bulgaria,1991,365,0,0.0,PASS
Bulgaria,1992,366,0,0.0,PASS
Bulgaria,1993,365,0,0.0,PASS
Bulgaria,1994,365,0,0.0,PASS
Bulgaria,1995,365,0,0.0,PASS
Bulgaria,1996,366,0,0.0,PASS
Bulgaria,1997,365,0,0.0,PASS
Bulgaria,1998,365,0,0.0,PASS
Bulgaria,1999,365,0,0.0,PASS
Bulgaria,2000,366,0,0.0,PASS
Bulgaria,2001,365,0,0.0,PASS
Bulgaria,2002,365,0,0.0,PASS
Bulgaria,2003,365,0,0.0,PASS
Bulgaria,2004,366,0,0.0,PASS
Bulgaria,2005,365,0,0.0,PASS
Bulgaria,2006,365,0,0.0,PASS
Bulgaria,2007,365,0,0.0,PASS
Bulgaria,2008,366,0,0.0,PASS
Bulgaria,2009,365,0,0.0,PASS
Bulgaria,2010,365,0,0.0,PASS
Bulgaria,2011,365,0,0.0,PASS
Bulgaria,2012,366,0,0.0,PASS
Bulgaria,2013,365,0,0.0,PASS
Bulgaria,2014,365,0,0.0,PASS
Bulgaria,2015,365,0,0.0,PASS
Bulgaria,2016,366,0,0.0,PASS
Bulgaria,2017,365,0,0.0,PASS
Bulgaria,2018,365,0,0.0,PASS
Bulgaria,2019,365,0,0.0,PASS
Bulgaria,2020,366,0,0.0,PASS
Bulgaria,2021,365,0,0.0,PASS
Bulgaria,2022,365,0,0.0,PASS
Bulgaria,2023,365,0,0.0,PASS
Bulgaria,2024,366,0,0.0,PASS
Croatia,1950,365,0,0.0,PASS
Croatia,1951,365,0,0.0,PASS
Croatia,1952,366,0,0.0,PASS
Croatia,1953,365,0,0.0,PASS
Croatia,1954,365,0,0.0,PASS
Croatia,1955,365,0,0.0,PASS
Croatia,1956,366,0,0.0,PASS
Croatia,1957,365,0,0.0,PASS
Croatia,1958,365,0,0.0,PASS
Croatia,1959,365,0,0.0,PASS
Croatia,1960,366,0,0.0,PASS
Croatia,1961,365,0,0.0,PASS
Croatia,1962,365,0,0.0,PASS
Croatia,1963,365,0,0.0,PASS
Croatia,1964,366,0,0.0,PASS
Croatia,1965,365,0,0.0,PASS
Croatia,1966,365,0,0.0,PASS
Croatia,1967,365,0,0.0,PASS
Croatia,1968,366,0,0.0,PASS
Croatia,1969,365,0,0.0,PASS
Croatia,1970,365,0,0.0,PASS
Croatia,1971,365,0,0.0,PASS
Croatia,1972,366,0,0.0,PASS
Croatia,1973,365,0,0.0,PASS
Croatia,1974,365,0,0.0,PASS
Croatia,1975,365,0,0.0,PASS
Croatia,1976,366,0,0.0,PASS
Croatia,1977,365,0,0.0,PASS
Croatia,1978,365,0,0.0,PASS
Croatia,1979,365,0,0.0,PASS
Croatia,1980,366,0,0.0,PASS
Croatia,1981,365,0,0.0,PASS
Croatia,1982,365,0,0.0,PASS
Croatia,1983,365,0,0.0,PASS
Croatia,1984,366,0,0.0,PASS
Croatia,1985,365,0,0.0,PASS
Croatia,1986,365,0,0.0,PASS
Croatia,1987,365,0,0.0,PASS
Croatia,1988,366,0,0.0,PASS
Croatia,1989,365,0,0.0,PASS
Croatia,1990,365,0,0.0,PASS
Croatia,1991,365,0,0.0,PASS
Croatia,1992,366,0,0.0,PASS
Croatia,1993,365,0,0.0,PASS
Croatia,1994,365,0,0.0,PASS
Croatia,1995,365,0,0.0,PASS
Croatia,1996,366,0,0.0,PASS
Croatia,1997,365,0,0.0,PASS
Croatia,1998,365,0,0.0,PASS
Croatia,1999,365,0,0.0,PASS
Croatia,2000,366,0,0.0,PASS
Croatia,2001,365,0,0.0,PASS
Croatia,2002,365,0,0.0,PASS
Croatia,2003,365,0,0.0,PASS
Croatia,2004,366,0,0.0,PASS
Croatia,2005,365,0,0.0,PASS
Croatia,2006,365,0,0.0,PASS
Croatia,2007,365,0,0.0,PASS
Croatia,2008,366,0,0.0,PASS
Croatia,2009,365,0,0.0,PASS
Croatia,2010,365,0,0.0,PASS
Croatia,2011,365,0,0.0,PASS
Croatia,2012,366,0,0.0,PASS
Croatia,2013,365,0,0.0,PASS
Croatia,2014,365,0,0.0,PASS
Croatia,2015,365,0,0.0,PASS
Croatia,2016,366,0,0.0,PASS
Croatia,2017,365,0,0.0,PASS
Croatia,2018,365,0,0.0,PASS
Croatia,2019,365,0,0.0,PASS
Croatia,2020,366,0,0.0,PASS
Croatia,2021,365,0,0.0,PASS
Croatia,2022,365,0,0.0,PASS
Croatia,2023,365,0,0.0,PASS
Croatia,2024,366,0,0.0,PASS
Czechia,1950,365,0,0.0,PASS
Czechia,1951,365,0,0.0,PASS
Czechia,1952,366,0,0.0,PASS
Czechia,1953,365,0,0.0,PASS
Czechia,1954,365,0,0.0,PASS
Czechia,1955,365,0,0.0,PASS
Czechia,1956,366,0,0.0,PASS
Czechia,1957,365,0,0.0,PASS
Czechia,1958,365,0,0.0,PASS
Czechia,1959,365,0,0.0,PASS
Czechia,1960,366,0,0.0,PASS
Czechia,1961,365,0,0.0,PASS
Czechia,1962,365,0,0.0,PASS
Czechia,1963,365,0,0.0,PASS
Czechia,1964,366,0,0.0,PASS
Czechia,1965,365,0,0.0,PASS
Czechia,1966,365,0,0.0,PASS
Czechia,1967,365,0,0.0,PASS
Czechia,1968,366,0,0.0,PASS
Czechia,1969,365,0,0.0,PASS
Czechia,1970,365,0,0.0,PASS
Czechia,1971,365,0,0.0,PASS
Czechia,1972,366,0,0.0,PASS
Czechia,1973,365,0,0.0,PASS
Czechia,1974,365,0,0.0,PASS
Czechia,1975,365,0,0.0,PASS
Czechia,1976,366,0,0.0,PASS
Czechia,1977,365,0,0.0,PASS
Czechia,1978,365,0,0.0,PASS
Czechia,1979,365,0,0.0,PASS
Czechia,1980,366,0,0.0,PASS
Czechia,1981,365,0,0.0,PASS
Czechia,1982,365,0,0.0,PASS
Czechia,1983,365,0,0.0,PASS
Czechia,1984,366,0,0.0,PASS
Czechia,1985,365,0,0.0,PASS
Czechia,1986,365,0,0.0,PASS
Czechia,1987,365,0,0.0,PASS
Czechia,1988,366,0,0.0,PASS
Czechia,1989,365,0,0.0,PASS
Czechia,1990,365,0,0.0,PASS
Czechia,1991,365,0,0.0,PASS
Czechia,1992,366,0,0.0,PASS
Czechia,1993,365,0,0.0,PASS
Czechia,1994,365,0,0.0,PASS
Czechia,1995,365,0,0.0,PASS
Czechia,1996,366,0,0.0,PASS
Czechia,1997,365,0,0.0,PASS
Czechia,1998,365,0,0.0,PASS
Czechia,1999,365,0,0.0,PASS
Czechia,2000,366,0,0.0,PASS
Czechia,2001,365,0,0.0,PASS
Czechia,2002,365,0,0.0,PASS
Czechia,2003,365,0,0.0,PASS
Czechia,2004,366,0,0.0,PASS
Czechia,2005,365,0,0.0,PASS
Czechia,2006,365,0,0.0,PASS
Czechia,2007,365,0,0.0,PASS
Czechia,2008,366,0,0.0,PASS
Czechia,2009,365,0,0.0,PASS
Czechia,2010,365,0,0.0,PASS
Czechia,2011,365,0,0.0,PASS
Czechia,2012,366,0,0.0,PASS
Czechia,2013,365,0,0.0,PASS
Czechia,2014,365,0,0.0,PASS
Czechia,2015,365,0,0.0,PASS
Czechia,2016,366,0,0.0,PASS
Czechia,2017,365,0,0.0,PASS
Czechia,2018,365,0,0.0,PASS
Czechia,2019,365,0,0.0,PASS
Czechia,2020,366,0,0.0,PASS
Czechia,2021,365,0,0.0,PASS
Czechia,2022,365,0,0.0,PASS
Czechia,2023,365,0,0.0,PASS
Czechia,2024,366,0,0.0,PASS
Denmark,1950,365,0,0.0,PASS
Denmark,1951,365,0,0.0,PASS
Denmark,1952,366,0,0.0,PASS
Denmark,1953,365,0,0.0,PASS
Denmark,1954,365,0,0.0,PASS
Denmark,1955,365,0,0.0,PASS
Denmark,1956,366,0,0.0,PASS
Denmark,1957,365,0,0.0,PASS
Denmark,1958,365,0,0.0,PASS
Denmark,1959,365,0,0.0,PASS
Denmark,1960,366,0,0.0,PASS
Denmark,1961,365,0,0.0,PASS
Denmark,1962,365,0,0.0,PASS
Denmark,1963,365,0,0.0,PASS
Denmark,1964,366,0,0.0,PASS
Denmark,1965,365,0,0.0,PASS
Denmark,1966,365,0,0.0,PASS
Denmark,1967,365,0,0.0,PASS
Denmark,1968,366,0,0.0,PASS
Denmark,1969,365,0,0.0,PASS
Denmark,1970,365,0,0.0,PASS
Denmark,1971,365,0,0.0,PASS
Denmark,1972,366,0,0.0,PASS
Denmark,1973,365,0,0.0,PASS
Denmark,1974,365,0,0.0,PASS
Denmark,1975,365,0,0.0,PASS
Denmark,1976,366,0,0.0,PASS
Denmark,1977,365,0,0.0,PASS
Denmark,1978,365,0,0.0,PASS
Denmark,1979,365,0,0.0,PASS
Denmark,1980,366,0,0.0,PASS
Denmark,1981,365,0,0.0,PASS
Denmark,1982,365,0,0.0,PASS
Denmark,1983,365,0,0.0,PASS
Denmark,1984,366,0,0.0,PASS
Denmark,1985,365,0,0.0,PASS
Denmark,1986,365,0,0.0,PASS
Denmark,1987,365,0,0.0,PASS
Denmark,1988,366,0,0.0,PASS
Denmark,1989,365,0,0.0,PASS
Denmark,1990,365,0,0.0,PASS
Denmark,1991,365,0,0.0,PASS
Denmark,1992,366,0,0.0,PASS
Denmark,1993,365,0,0.0,PASS
Denmark,1994,365,0,0.0,PASS
Denmark,1995,365,0,0.0,PASS
Denmark,1996,366,0,0.0,PASS
Denmark,1997,365,0,0.0,PASS
Denmark,1998,365,0,0.0,PASS
Denmark,1999,365,0,0.0,PASS
Denmark,2000,366,0,0.0,PASS
Denmark,2001,365,0,0.0,PASS
Denmark,2002,365,0,0.0,PASS
Denmark,2003,365,0,0.0,PASS
Denmark,2004,366,0,0.0,PASS
Denmark,2005,365,0,0.0,PASS
Denmark,2006,365,0,0.0,PASS
Denmark,2007,365,0,0.0,PASS
Denmark,2008,366,0,0.0,PASS
Denmark,2009,365,0,0.0,PASS
Denmark,2010,365,0,0.0,PASS
Denmark,2011,365,0,0.0,PASS
Denmark,2012,366,0,0.0,PASS
Denmark,2013,365,0,0.0,PASS
Denmark,2014,365,0,0.0,PASS
Denmark,2015,365,0,0.0,PASS
Denmark,2016,366,0,0.0,PASS
Denmark,2017,365,0,0.0,PASS
Denmark,2018,365,0,0.0,PASS
Denmark,2019,365,0,0.0,PASS
Denmark,2020,366,0,0.0,PASS
Denmark,2021,365,0,0.0,PASS
Denmark,2022,365,0,0.0,PASS
Denmark,2023,365,0,0.0,PASS
Denmark,2024,366,0,0.0,PASS
Estonia,1950,365,0,0.0,PASS
Estonia,1951,365,0,0.0,PASS
Estonia,1952,366,0,0.0,PASS
Estonia,1953,365,0,0.0,PASS
Estonia,1954,365,0,0.0,PASS
Estonia,1955,365,0,0.0,PASS
Estonia,1956,366,0,0.0,PASS
Estonia,1957,365,0,0.0,PASS
Estonia,1958,365,0,0.0,PASS
Estonia,1959,365,0,0.0,PASS
Estonia,1960,366,0,0.0,PASS
Estonia,1961,365,0,0.0,PASS
Estonia,1962,365,0,0.0,PASS
Estonia,1963,365,0,0.0,PASS
Estonia,1964,366,0,0.0,PASS
Estonia,1965,365,0,0.0,PASS
Estonia,1966,365,0,0.0,PASS
Estonia,1967,365,0,0.0,PASS
Estonia,1968,366,0,0.0,PASS
Estonia,1969,365,0,0.0,PASS
Estonia,1970,365,0,0.0,PASS
Estonia,1971,365,0,0.0,PASS
Estonia,1972,366,0,0.0,PASS
Estonia,1973,365,0,0.0,PASS
Estonia,1974,365,0,0.0,PASS
Estonia,1975,365,0,0.0,PASS
Estonia,1976,366,0,0.0,PASS
Estonia,1977,365,0,0.0,PASS
Estonia,1978,365,0,0.0,PASS
Estonia,1979,365,0,0.0,PASS
Estonia,1980,366,0,0.0,PASS
Estonia,1981,365,0,0.0,PASS
Estonia,1982,365,0,0.0,PASS
Estonia,1983,365,0,0.0,PASS
Estonia,1984,366,0,0.0,PASS
Estonia,1985,365,0,0.0,PASS
Estonia,1986,365,0,0.0,PASS
Estonia,1987,365,0,0.0,PASS
Estonia,1988,366,0,0.0,PASS
Estonia,1989,365,0,0.0,PASS
Estonia,1990,365,0,0.0,PASS
Estonia,1991,365,0,0.0,PASS
Estonia,1992,366,0,0.0,PASS
Estonia,1993,365,0,0.0,PASS
Estonia,1994,365,0,0.0,PASS
Estonia,1995,365,0,0.0,PASS
Estonia,1996,366,0,0.0,PASS
Estonia,1997,365,0,0.0,PASS
Estonia,1998,365,0,0.0,PASS
Estonia,1999,365,0,0.0,PASS
Estonia,2000,366,0,0.0,PASS
Estonia,2001,365,0,0.0,PASS
Estonia,2002,365,0,0.0,PASS
Estonia,2003,365,0,0.0,PASS
Estonia,2004,366,0,0.0,PASS
Estonia,2005,365,0,0.0,PASS
Estonia,2006,365,0,0.0,PASS
Estonia,2007,365,0,0.0,PASS
Estonia,2008,366,0,0.0,PASS
Estonia,2009,365,0,0.0,PASS
Estonia,2010,365,0,0.0,PASS
Estonia,2011,365,0,0.0,PASS
Estonia,2012,366,0,0.0,PASS
Estonia,2013,365,0,0.0,PASS
Estonia,2014,365,0,0.0,PASS
Estonia,2015,365,0,0.0,PASS
Estonia,2016,366,0,0.0,PASS
Estonia,2017,365,0,0.0,PASS
Estonia,2018,365,0,0.0,PASS
Estonia,2019,365,0,0.0,PASS
Estonia,2020,366,0,0.0,PASS
Estonia,2021,365,0,0.0,PASS
Estonia,2022,365,0,0.0,PASS
Estonia,2023,365,0,0.0,PASS
Estonia,2024,366,0,0.0,PASS
Finland,1950,365,0,0.0,PASS
Finland,1951,365,0,0.0,PASS
Finland,1952,366,0,0.0,PASS
Finland,1953,365,0,0.0,PASS
Finland,1954,365,0,0.0,PASS
Finland,1955,365,0,0.0,PASS
Finland,1956,366,0,0.0,PASS
Finland,1957,365,0,0.0,PASS
Finland,1958,365,0,0.0,PASS
Finland,1959,365,0,0.0,PASS
Finland,1960,366,0,0.0,PASS
Finland,1961,365,0,0.0,PASS
Finland,1962,365,0,0.0,PASS
Finland,1963,365,0,0.0,PASS
Finland,1964,366,0,0.0,PASS
Finland,1965,365,0,0.0,PASS
Finland,1966,365,0,0.0,PASS
Finland,1967,365,0,0.0,PASS
Finland,1968,366,0,0.0,PASS
Finland,1969,365,0,0.0,PASS
Finland,1970,365,0,0.0,PASS
Finland,1971,365,0,0.0,PASS
Finland,1972,366,0,0.0,PASS
Finland,1973,365,0,0.0,PASS
Finland,1974,365,0,0.0,PASS
Finland,1975,365,0,0.0,PASS
Finland,1976,366,0,0.0,PASS
Finland,1977,365,0,0.0,PASS
Finland,1978,365,0,0.0,PASS
Finland,1979,365,0,0.0,PASS
Finland,1980,366,0,0.0,PASS
Finland,1981,365,0,0.0,PASS
Finland,1982,365,0,0.0,PASS
Finland,1983,365,0,0.0,PASS
Finland,1984,366,0,0.0,PASS
Finland,1985,365,0,0.0,PASS
Finland,1986,365,0,0.0,PASS
Finland,1987,365,0,0.0,PASS
Finland,1988,366,0,0.0,PASS
Finland,1989,365,0,0.0,PASS
Finland,1990,365,0,0.0,PASS
Finland,1991,365,0,0.0,PASS
Finland,1992,366,0,0.0,PASS
Finland,1993,365,0,0.0,PASS
Finland,1994,365,0,0.0,PASS
Finland,1995,365,0,0.0,PASS
Finland,1996,366,0,0.0,PASS
Finland,1997,365,0,0.0,PASS
Finland,1998,365,0,0.0,PASS
Finland,1999,365,0,0.0,PASS
Finland,2000,366,0,0.0,PASS
Finland,2001,365,0,0.0,PASS
Finland,2002,365,0,0.0,PASS
Finland,2003,365,0,0.0,PASS
Finland,2004,366,0,0.0,PASS
Finland,2005,365,0,0.0,PASS
Finland,2006,365,0,0.0,PASS
Finland,2007,365,0,0.0,PASS
Finland,2008,366,0,0.0,PASS
Finland,2009,365,0,0.0,PASS
Finland,2010,365,0,0.0,PASS
Finland,2011,365,0,0.0,PASS
Finland,2012,366,0,0.0,PASS
Finland,2013,365,0,0.0,PASS
Finland,2014,365,0,0.0,PASS
Finland,2015,365,0,0.0,PASS
Finland,2016,366,0,0.0,PASS
Finland,2017,365,0,0.0,PASS
Finland,2018,365,0,0.0,PASS
Finland,2019,365,0,0.0,PASS
Finland,2020,366,0,0.0,PASS
Finland,2021,365,0,0.0,PASS
Finland,2022,365,0,0.0,PASS
Finland,2023,365,0,0.0,PASS
Finland,2024,366,0,0.0,PASS
France,1950,365,0,0.0,PASS
France,1951,365,0,0.0,PASS
France,1952,366,0,0.0,PASS
France,1953,365,0,0.0,PASS
France,1954,365,0,0.0,PASS
France,1955,365,0,0.0,PASS
France,1956,366,0,0.0,PASS
France,1957,365,0,0.0,PASS
France,1958,365,0,0.0,PASS
France,1959,365,0,0.0,PASS
France,1960,366,0,0.0,PASS
France,1961,365,0,0.0,PASS
France,1962,365,0,0.0,PASS
France,1963,365,0,0.0,PASS
France,1964,366,0,0.0,PASS
France,1965,365,0,0.0,PASS
France,1966,365,0,0.0,PASS
France,1967,365,0,0.0,PASS
France,1968,366,0,0.0,PASS
France,1969,365,0,0.0,PASS
France,1970,365,0,0.0,PASS
France,1971,365,0,0.0,PASS
France,1972,366,0,0.0,PASS
France,1973,365,0,0.0,PASS
France,1974,365,0,0.0,PASS
France,1975,365,0,0.0,PASS
France,1976,366,0,0.0,PASS
France,1977,365,0,0.0,PASS
France,1978,365,0,0.0,PASS
France,1979,365,0,0.0,PASS
France,1980,366,0,0.0,PASS
France,1981,365,0,0.0,PASS
France,1982,365,0,0.0,PASS
France,1983,365,0,0.0,PASS
France,1984,366,0,0.0,PASS
France,1985,365,0,0.0,PASS
France,1986,365,0,0.0,PASS
France,1987,365,0,0.0,PASS
France,1988,366,0,0.0,PASS
France,1989,365,0,0.0,PASS
France,1990,365,0,0.0,PASS
France,1991,365,0,0.0,PASS
France,1992,366,0,0.0,PASS
France,1993,365,0,0.0,PASS
France,1994,365,0,0.0,PASS
France,1995,365,0,0.0,PASS
France,1996,366,0,0.0,PASS
France,1997,365,0,0.0,PASS
France,1998,365,0,0.0,PASS
France,1999,365,0,0.0,PASS
France,2000,366,0,0.0,PASS
France,2001,365,0,0.0,PASS
France,2002,365,0,0.0,PASS
France,2003,365,0,0.0,PASS
France,2004,366,0,0.0,PASS
France,2005,365,0,0.0,PASS
France,2006,365,0,0.0,PASS
France,2007,365,0,0.0,PASS
France,2008,366,0,0.0,PASS
France,2009,365,0,0.0,PASS
France,2010,365,0,0.0,PASS
France,2011,365,0,0.0,PASS
France,2012,366,0,0.0,PASS
France,2013,365,0,0.0,PASS
France,2014,365,0,0.0,PASS
France,2015,365,0,0.0,PASS
France,2016,366,0,0.0,PASS
France,2017,365,0,0.0,PASS
France,2018,365,0,0.0,PASS
France,2019,365,0,0.0,PASS
France,2020,366,0,0.0,PASS
France,2021,365,0,0.0,PASS
France,2022,365,0,0.0,PASS
France,2023,365,0,0.0,PASS
France,2024,366,0,0.0,PASS
Germany,1950,365,0,0.0,PASS
Germany,1951,365,0,0.0,PASS
Germany,1952,366,0,0.0,PASS
Germany,1953,365,0,0.0,PASS
Germany,1954,365,0,0.0,PASS
Germany,1955,365,0,0.0,PASS
Germany,1956,366,0,0.0,PASS
Germany,1957,365,0,0.0,PASS
Germany,1958,365,0,0.0,PASS
Germany,1959,365,0,0.0,PASS
Germany,1960,366,0,0.0,PASS
Germany,1961,365,0,0.0,PASS
Germany,1962,365,0,0.0,PASS
Germany,1963,365,0,0.0,PASS
Germany,1964,366,0,0.0,PASS
Germany,1965,365,0,0.0,PASS
Germany,1966,365,0,0.0,PASS
Germany,1967,365,0,0.0,PASS
Germany,1968,366,0,0.0,PASS
Germany,1969,365,0,0.0,PASS
Germany,1970,365,0,0.0,PASS
Germany,1971,365,0,0.0,PASS
Germany,1972,366,0,0.0,PASS
Germany,1973,365,0,0.0,PASS
Germany,1974,365,0,0.0,PASS
Germany,1975,365,0,0.0,PASS
Germany,1976,366,0,0.0,PASS
Germany,1977,365,0,0.0,PASS
Germany,1978,365,0,0.0,PASS
Germany,1979,365,0,0.0,PASS
Germany,1980,366,0,0.0,PASS
Germany,1981,365,0,0.0,PASS
Germany,1982,365,0,0.0,PASS
Germany,1983,365,0,0.0,PASS
Germany,1984,366,0,0.0,PASS
Germany,1985,365,0,0.0,PASS
Germany,1986,365,0,0.0,PASS
Germany,1987,365,0,0.0,PASS
Germany,1988,366,0,0.0,PASS
Germany,1989,365,0,0.0,PASS
Germany,1990,365,0,0.0,PASS
Germany,1991,365,0,0.0,PASS
Germany,1992,366,0,0.0,PASS
Germany,1993,365,0,0.0,PASS
Germany,1994,365,0,0.0,PASS
Germany,1995,365,0,0.0,PASS
Germany,1996,366,0,0.0,PASS
Germany,1997,365,0,0.0,PASS
Germany,1998,365,0,0.0,PASS
Germany,1999,365,0,0.0,PASS
Germany,2000,366,0,0.0,PASS
Germany,2001,365,0,0.0,PASS
Germany,2002,365,0,0.0,PASS
Germany,2003,365,0,0.0,PASS
Germany,2004,366,0,0.0,PASS
Germany,2005,365,0,0.0,PASS
Germany,2006,365,0,0.0,PASS
Germany,2007,365,0,0.0,PASS
Germany,2008,366,0,0.0,PASS
Germany,2009,365,0,0.0,PASS
Germany,2010,365,0,0.0,PASS
Germany,2011,365,0,0.0,PASS
Germany,2012,366,0,0.0,PASS
Germany,2013,365,0,0.0,PASS
Germany,2014,365,0,0.0,PASS
Germany,2015,365,0,0.0,PASS
Germany,2016,366,0,0.0,PASS
Germany,2017,365,0,0.0,PASS
Germany,2018,365,0,0.0,PASS
Germany,2019,365,0,0.0,PASS
Germany,2020,366,0,0.0,PASS
Germany,2021,365,0,0.0,PASS
Germany,2022,365,0,0.0,PASS
Germany,2023,365,0,0.0,PASS
Germany,2024,366,0,0.0,PASS
Greece,1950,365,0,0.0,PASS
Greece,1951,365,0,0.0,PASS
Greece,1952,366,0,0.0,PASS
Greece,1953,365,0,0.0,PASS
Greece,1954,365,0,0.0,PASS
Greece,1955,365,0,0.0,PASS
Greece,1956,366,0,0.0,PASS
Greece,1957,365,0,0.0,PASS
Greece,1958,365,0,0.0,PASS
Greece,1959,365,0,0.0,PASS
Greece,1960,366,0,0.0,PASS
Greece,1961,365,0,0.0,PASS
Greece,1962,365,0,0.0,PASS
Greece,1963,365,0,0.0,PASS
Greece,1964,366,0,0.0,PASS
Greece,1965,365,0,0.0,PASS
Greece,1966,365,0,0.0,PASS
Greece,1967,365,0,0.0,PASS
Greece,1968,366,0,0.0,PASS
Greece,1969,365,0,0.0,PASS
Greece,1970,365,0,0.0,PASS
Greece,1971,365,0,0.0,PASS
Greece,1972,366,0,0.0,PASS
Greece,1973,365,0,0.0,PASS
Greece,1974,365,0,0.0,PASS
Greece,1975,365,0,0.0,PASS
Greece,1976,366,0,0.0,PASS
Greece,1977,365,0,0.0,PASS
Greece,1978,365,0,0.0,PASS
Greece,1979,365,0,0.0,PASS
Greece,1980,366,0,0.0,PASS
Greece,1981,365,0,0.0,PASS
Greece,1982,365,0,0.0,PASS
Greece,1983,365,0,0.0,PASS
Greece,1984,366,0,0.0,PASS
Greece,1985,365,0,0.0,PASS
Greece,1986,365,0,0.0,PASS
Greece,1987,365,0,0.0,PASS
Greece,1988,366,0,0.0,PASS
Greece,1989,365,0,0.0,PASS
Greece,1990,365,0,0.0,PASS
Greece,1991,365,0,0.0,PASS
Greece,1992,366,0,0.0,PASS
Greece,1993,365,0,0.0,PASS
Greece,1994,365,0,0.0,PASS
Greece,1995,365,0,0.0,PASS
Greece,1996,366,0,0.0,PASS
Greece,1997,365,0,0.0,PASS
Greece,1998,365,0,0.0,PASS
Greece,1999,365,0,0.0,PASS
Greece,2000,366,0,0.0,PASS
Greece,2001,365,0,0.0,PASS
Greece,2002,365,0,0.0,PASS
Greece,2003,365,0,0.0,PASS
Greece,2004,366,0,0.0,PASS
Greece,2005,365,0,0.0,PASS
Greece,2006,365,0,0.0,PASS
Greece,2007,365,0,0.0,PASS
Greece,2008,366,0,0.0,PASS
Greece,2009,365,0,0.0,PASS
Greece,2010,365,0,0.0,PASS
Greece,2011,365,0,0.0,PASS
Greece,2012,366,0,0.0,PASS
Greece,2013,365,0,0.0,PASS
Greece,2014,365,0,0.0,PASS
Greece,2015,365,0,0.0,PASS
Greece,2016,366,0,0.0,PASS
Greece,2017,365,0,0.0,PASS
Greece,2018,365,0,0.0,PASS
Greece,2019,365,0,0.0,PASS
Greece,2020,366,0,0.0,PASS
Greece,2021,365,0,0.0,PASS
Greece,2022,365,0,0.0,PASS
Greece,2023,365,0,0.0,PASS
Greece,2024,366,0,0.0,PASS
Hungary,1950,365,0,0.0,PASS
Hungary,1951,365,0,0.0,PASS
Hungary,1952,366,0,0.0,PASS
Hungary,1953,365,0,0.0,PASS
Hungary,1954,365,0,0.0,PASS
Hungary,1955,365,0,0.0,PASS
Hungary,1956,366,0,0.0,PASS
Hungary,1957,365,0,0.0,PASS
Hungary,1958,365,0,0.0,PASS
Hungary,1959,365,0,0.0,PASS
Hungary,1960,366,0,0.0,PASS
Hungary,1961,365,0,0.0,PASS
Hungary,1962,365,0,0.0,PASS
Hungary,1963,365,0,0.0,PASS
Hungary,1964,366,0,0.0,PASS
Hungary,1965,365,0,0.0,PASS
Hungary,1966,365,0,0.0,PASS
Hungary,1967,365,0,0.0,PASS
Hungary,1968,366,0,0.0,PASS
Hungary,1969,365,0,0.0,PASS
Hungary,1970,365,0,0.0,PASS
Hungary,1971,365,0,0.0,PASS
Hungary,1972,366,0,0.0,PASS
Hungary,1973,365,0,0.0,PASS
Hungary,1974,365,0,0.0,PASS
Hungary,1975,365,0,0.0,PASS
Hungary,1976,366,0,0.0,PASS
Hungary,1977,365,0,0.0,PASS
Hungary,1978,365,0,0.0,PASS
Hungary,1979,365,0,0.0,PASS
Hungary,1980,366,0,0.0,PASS
Hungary,1981,365,0,0.0,PASS
Hungary,1982,365,0,0.0,PASS
Hungary,1983,365,0,0.0,PASS
Hungary,1984,366,0,0.0,PASS
Hungary,1985,365,0,0.0,PASS
Hungary,1986,365,0,0.0,PASS
Hungary,1987,365,0,0.0,PASS
Hungary,1988,366,0,0.0,PASS
Hungary,1989,365,0,0.0,PASS
Hungary,1990,365,0,0.0,PASS
Hungary,1991,365,0,0.0,PASS
Hungary,1992,366,0,0.0,PASS
Hungary,1993,365,0,0.0,PASS
Hungary,1994,365,0,0.0,PASS
Hungary,1995,365,0,0.0,PASS
Hungary,1996,366,0,0.0,PASS
Hungary,1997,365,0,0.0,PASS
Hungary,1998,365,0,0.0,PASS
Hungary,1999,365,0,0.0,PASS
Hungary,2000,366,0,0.0,PASS
Hungary,2001,365,0,0.0,PASS
Hungary,2002,365,0,0.0,PASS
Hungary,2003,365,0,0.0,PASS
Hungary,2004,366,0,0.0,PASS
Hungary,2005,365,0,0.0,PASS
Hungary,2006,365,0,0.0,PASS
Hungary,2007,365,0,0.0,PASS
Hungary,2008,366,0,0.0,PASS
Hungary,2009,365,0,0.0,PASS
Hungary,2010,365,0,0.0,PASS
Hungary,2011,365,0,0.0,PASS
Hungary,2012,366,0,0.0,PASS
Hungary,2013,365,0,0.0,PASS
Hungary,2014,365,0,0.0,PASS
Hungary,2015,365,0,0.0,PASS
Hungary,2016,366,0,0.0,PASS
Hungary,2017,365,0,0.0,PASS
Hungary,2018,365,0,0.0,PASS
Hungary,2019,365,0,0.0,PASS
Hungary,2020,366,0,0.0,PASS
Hungary,2021,365,0,0.0,PASS
Hungary,2022,365,0,0.0,PASS
Hungary,2023,365,0,0.0,PASS
Hungary,2024,366,0,0.0,PASS
Ireland,1950,365,0,0.0,PASS
Ireland,1951,365,0,0.0,PASS
Ireland,1952,366,0,0.0,PASS
Ireland,1953,365,0,0.0,PASS
Ireland,1954,365,0,0.0,PASS
Ireland,1955,365,0,0.0,PASS
Ireland,1956,366,0,0.0,PASS
Ireland,1957,365,0,0.0,PASS
Ireland,1958,365,0,0.0,PASS
Ireland,1959,365,0,0.0,PASS
Ireland,1960,366,0,0.0,PASS
Ireland,1961,365,0,0.0,PASS
Ireland,1962,365,0,0.0,PASS
Ireland,1963,365,0,0.0,PASS
Ireland,1964,366,0,0.0,PASS
Ireland,1965,365,0,0.0,PASS
Ireland,1966,365,0,0.0,PASS
Ireland,1967,365,0,0.0,PASS
Ireland,1968,366,0,0.0,PASS
Ireland,1969,365,0,0.0,PASS
Ireland,1970,365,0,0.0,PASS
Ireland,1971,365,0,0.0,PASS
Ireland,1972,366,0,0.0,PASS
Ireland,1973,365,0,0.0,PASS
Ireland,1974,365,0,0.0,PASS
Ireland,1975,365,0,0.0,PASS
Ireland,1976,366,0,0.0,PASS
Ireland,1977,365,0,0.0,PASS
Ireland,1978,365,0,0.0,PASS
Ireland,1979,365,0,0.0,PASS
Ireland,1980,366,0,0.0,PASS
Ireland,1981,365,0,0.0,PASS
Ireland,1982,365,0,0.0,PASS
Ireland,1983,365,0,0.0,PASS
Ireland,1984,366,0,0.0,PASS
Ireland,1985,365,0,0.0,PASS
Ireland,1986,365,0,0.0,PASS
Ireland,1987,365,0,0.0,PASS
Ireland,1988,366,0,0.0,PASS
Ireland,1989,365,0,0.0,PASS
Ireland,1990,365,0,0.0,PASS
Ireland,1991,365,0,0.0,PASS
Ireland,1992,366,0,0.0,PASS
Ireland,1993,365,0,0.0,PASS
Ireland,1994,365,0,0.0,PASS
Ireland,1995,365,0,0.0,PASS
Ireland,1996,366,0,0.0,PASS
Ireland,1997,365,0,0.0,PASS
Ireland,1998,365,0,0.0,PASS
Ireland,1999,365,0,0.0,PASS
Ireland,2000,366,0,0.0,PASS
Ireland,2001,365,0,0.0,PASS
Ireland,2002,365,0,0.0,PASS
Ireland,2003,365,0,0.0,PASS
Ireland,2004,366,0,0.0,PASS
Ireland,2005,365,0,0.0,PASS
Ireland,2006,365,0,0.0,PASS
Ireland,2007,365,0,0.0,PASS
Ireland,2008,366,0,0.0,PASS
Ireland,2009,365,0,0.0,PASS
Ireland,2010,365,0,0.0,PASS
Ireland,2011,365,0,0.0,PASS
Ireland,2012,366,0,0.0,PASS
Ireland,2013,365,0,0.0,PASS
Ireland,2014,365,0,0.0,PASS
Ireland,2015,365,0,0.0,PASS
Ireland,2016,366,0,0.0,PASS
Ireland,2017,365,0,0.0,PASS
Ireland,2018,365,0,0.0,PASS
Ireland,2019,365,0,0.0,PASS
Ireland,2020,366,0,0.0,PASS
Ireland,2021,365,0,0.0,PASS
Ireland,2022,365,0,0.0,PASS
Ireland,2023,365,0,0.0,PASS
Ireland,2024,366,0,0.0,PASS
Italy,1950,365,0,0.0,PASS
Italy,1951,365,0,0.0,PASS
Italy,1952,366,0,0.0,PASS
Italy,1953,365,0,0.0,PASS
Italy,1954,365,0,0.0,PASS
Italy,1955,365,0,0.0,PASS
Italy,1956,366,0,0.0,PASS
Italy,1957,365,0,0.0,PASS
Italy,1958,365,0,0.0,PASS
Italy,1959,365,0,0.0,PASS
Italy,1960,366,0,0.0,PASS
Italy,1961,365,0,0.0,PASS
Italy,1962,365,0,0.0,PASS
Italy,1963,365,0,0.0,PASS
Italy,1964,366,0,0.0,PASS
Italy,1965,365,0,0.0,PASS
Italy,1966,365,0,0.0,PASS
Italy,1967,365,0,0.0,PASS
Italy,1968,366,0,0.0,PASS
Italy,1969,365,0,0.0,PASS
Italy,1970,365,0,0.0,PASS
Italy,1971,365,0,0.0,PASS
Italy,1972,366,0,0.0,PASS
Italy,1973,365,0,0.0,PASS
Italy,1974,365,0,0.0,PASS
Italy,1975,365,0,0.0,PASS
Italy,1976,366,0,0.0,PASS
Italy,1977,365,0,0.0,PASS
Italy,1978,365,0,0.0,PASS
Italy,1979,365,0,0.0,PASS
Italy,1980,366,0,0.0,PASS
Italy,1981,365,0,0.0,PASS
Italy,1982,365,0,0.0,PASS
Italy,1983,365,0,0.0,PASS
Italy,1984,366,0,0.0,PASS
Italy,1985,365,0,0.0,PASS
Italy,1986,365,0,0.0,PASS
Italy,1987,365,0,0.0,PASS
Italy,1988,366,0,0.0,PASS
Italy,1989,365,0,0.0,PASS
Italy,1990,365,0,0.0,PASS
Italy,1991,365,0,0.0,PASS
Italy,1992,366,0,0.0,PASS
Italy,1993,365,0,0.0,PASS
Italy,1994,365,0,0.0,PASS
Italy,1995,365,0,0.0,PASS
Italy,1996,366,0,0.0,PASS
Italy,1997,365,0,0.0,PASS
Italy,1998,365,0,0.0,PASS
Italy,1999,365,0,0.0,PASS
Italy,2000,366,0,0.0,PASS
Italy,2001,365,0,0.0,PASS
Italy,2002,365,0,0.0,PASS
Italy,2003,365,0,0.0,PASS
Italy,2004,366,0,0.0,PASS
Italy,2005,365,0,0.0,PASS
Italy,2006,365,0,0.0,PASS
Italy,2007,365,0,0.0,PASS
Italy,2008,366,0,0.0,PASS
Italy,2009,365,0,0.0,PASS
Italy,2010,365,0,0.0,PASS
Italy,2011,365,0,0.0,PASS
Italy,2012,366,0,0.0,PASS
Italy,2013,365,0,0.0,PASS
Italy,2014,365,0,0.0,PASS
Italy,2015,365,0,0.0,PASS
Italy,2016,366,0,0.0,PASS
Italy,2017,365,0,0.0,PASS
Italy,2018,365,0,0.0,PASS
Italy,2019,365,0,0.0,PASS
Italy,2020,366,0,0.0,PASS
Italy,2021,365,0,0.0,PASS
Italy,2022,365,0,0.0,PASS
Italy,2023,365,0,0.0,PASS
Italy,2024,366,0,0.0,PASS
Latvia,1950,365,0,0.0,PASS
Latvia,1951,365,0,0.0,PASS
Latvia,1952,366,0,0.0,PASS
Latvia,1953,365,0,0.0,PASS
Latvia,1954,365,0,0.0,PASS
Latvia,1955,365,0,0.0,PASS
Latvia,1956,366,0,0.0,PASS
Latvia,1957,365,0,0.0,PASS
Latvia,1958,365,0,0.0,PASS
Latvia,1959,365,0,0.0,PASS
Latvia,1960,366,0,0.0,PASS
Latvia,1961,365,0,0.0,PASS
Latvia,1962,365,0,0.0,PASS
Latvia,1963,365,0,0.0,PASS
Latvia,1964,366,0,0.0,PASS
Latvia,1965,365,0,0.0,PASS
Latvia,1966,365,0,0.0,PASS
Latvia,1967,365,0,0.0,PASS
Latvia,1968,366,0,0.0,PASS
Latvia,1969,365,0,0.0,PASS
Latvia,1970,365,0,0.0,PASS
Latvia,1971,365,0,0.0,PASS
Latvia,1972,366,0,0.0,PASS
Latvia,1973,365,0,0.0,PASS
Latvia,1974,365,0,0.0,PASS
Latvia,1975,365,0,0.0,PASS
Latvia,1976,366,0,0.0,PASS
Latvia,1977,365,0,0.0,PASS
Latvia,1978,365,0,0.0,PASS
Latvia,1979,365,0,0.0,PASS
Latvia,1980,366,0,0.0,PASS
Latvia,1981,365,0,0.0,PASS
Latvia,1982,365,0,0.0,PASS
Latvia,1983,365,0,0.0,PASS
Latvia,1984,366,0,0.0,PASS
Latvia,1985,365,0,0.0,PASS
Latvia,1986,365,0,0.0,PASS
Latvia,1987,365,0,0.0,PASS
Latvia,1988,366,0,0.0,PASS
Latvia,1989,365,0,0.0,PASS
Latvia,1990,365,0,0.0,PASS
Latvia,1991,365,0,0.0,PASS
Latvia,1992,366,0,0.0,PASS
Latvia,1993,365,0,0.0,PASS
Latvia,1994,365,0,0.0,PASS
Latvia,1995,365,0,0.0,PASS
Latvia,1996,366,0,0.0,PASS
Latvia,1997,365,0,0.0,PASS
Latvia,1998,365,0,0.0,PASS
Latvia,1999,365,0,0.0,PASS
Latvia,2000,366,0,0.0,PASS
Latvia,2001,365,0,0.0,PASS
Latvia,2002,365,0,0.0,PASS
Latvia,2003,365,0,0.0,PASS
Latvia,2004,366,0,0.0,PASS
Latvia,2005,365,0,0.0,PASS
Latvia,2006,365,0,0.0,PASS
Latvia,2007,365,0,0.0,PASS
Latvia,2008,366,0,0.0,PASS
Latvia,2009,365,0,0.0,PASS
Latvia,2010,365,0,0.0,PASS
Latvia,2011,365,0,0.0,PASS
Latvia,2012,366,0,0.0,PASS
Latvia,2013,365,0,0.0,PASS
Latvia,2014,365,0,0.0,PASS
Latvia,2015,365,0,0.0,PASS
Latvia,2016,366,0,0.0,PASS
Latvia,2017,365,0,0.0,PASS
Latvia,2018,365,0,0.0,PASS
Latvia,2019,365,0,0.0,PASS
Latvia,2020,366,0,0.0,PASS
Latvia,2021,365,0,0.0,PASS
Latvia,2022,365,0,0.0,PASS
Latvia,2023,365,0,0.0,PASS
Latvia,2024,366,0,0.0,PASS
Lithuania,1950,365,0,0.0,PASS
Lithuania,1951,365,0,0.0,PASS
Lithuania,1952,366,0,0.0,PASS
Lithuania,1953,365,0,0.0,PASS
Lithuania,1954,365,0,0.0,PASS
Lithuania,1955,365,0,0.0,PASS
Lithuania,1956,366,0,0.0,PASS
Lithuania,1957,365,0,0.0,PASS
Lithuania,1958,365,0,0.0,PASS
Lithuania,1959,365,0,0.0,PASS
Lithuania,1960,366,0,0.0,PASS
Lithuania,1961,365,0,0.0,PASS
Lithuania,1962,365,0,0.0,PASS
Lithuania,1963,365,0,0.0,PASS
Lithuania,1964,366,0,0.0,PASS
Lithuania,1965,365,0,0.0,PASS
Lithuania,1966,365,0,0.0,PASS
Lithuania,1967,365,0,0.0,PASS
Lithuania,1968,366,0,0.0,PASS
Lithuania,1969,365,0,0.0,PASS
Lithuania,1970,365,0,0.0,PASS
Lithuania,1971,365,0,0.0,PASS
Lithuania,1972,366,0,0.0,PASS
Lithuania,1973,365,0,0.0,PASS
Lithuania,1974,365,0,0.0,PASS
Lithuania,1975,365,0,0.0,PASS
Lithuania,1976,366,0,0.0,PASS
Lithuania,1977,365,0,0.0,PASS
Lithuania,1978,365,0,0.0,PASS
Lithuania,1979,365,0,0.0,PASS
Lithuania,1980,366,0,0.0,PASS
Lithuania,1981,365,0,0.0,PASS
Lithuania,1982,365,0,0.0,PASS
Lithuania,1983,365,0,0.0,PASS
Lithuania,1984,366,0,0.0,PASS
Lithuania,1985,365,0,0.0,PASS
Lithuania,1986,365,0,0.0,PASS
Lithuania,1987,365,0,0.0,PASS
Lithuania,1988,366,0,0.0,PASS
Lithuania,1989,365,0,0.0,PASS
Lithuania,1990,365,0,0.0,PASS
Lithuania,1991,365,0,0.0,PASS
Lithuania,1992,366,0,0.0,PASS
Lithuania,1993,365,0,0.0,PASS
Lithuania,1994,365,0,0.0,PASS
Lithuania,1995,365,0,0.0,PASS
Lithuania,1996,366,0,0.0,PASS
Lithuania,1997,365,0,0.0,PASS
Lithuania,1998,365,0,0.0,PASS
Lithuania,1999,365,0,0.0,PASS
Lithuania,2000,366,0,0.0,PASS
Lithuania,2001,365,0,0.0,PASS
Lithuania,2002,365,0,0.0,PASS
Lithuania,2003,365,0,0.0,PASS
Lithuania,2004,366,0,0.0,PASS
Lithuania,2005,365,0,0.0,PASS
Lithuania,2006,365,0,0.0,PASS
Lithuania,2007,365,0,0.0,PASS
Lithuania,2008,366,0,0.0,PASS
Lithuania,2009,365,0,0.0,PASS
Lithuania,2010,365,0,0.0,PASS
Lithuania,2011,365,0,0.0,PASS
Lithuania,2012,366,0,0.0,PASS
Lithuania,2013,365,0,0.0,PASS
Lithuania,2014,365,0,0.0,PASS
Lithuania,2015,365,0,0.0,PASS
Lithuania,2016,366,0,0.0,PASS
Lithuania,2017,365,0,0.0,PASS
Lithuania,2018,365,0,0.0,PASS
Lithuania,2019,365,0,0.0,PASS
Lithuania,2020,366,0,0.0,PASS
Lithuania,2021,365,0,0.0,PASS
Lithuania,2022,365,0,0.0,PASS
Lithuania,2023,365,0,0.0,PASS
Lithuania,2024,366,0,0.0,PASS
Luxembourg,1950,365,0,0.0,PASS
Luxembourg,1951,365,0,0.0,PASS
Luxembourg,1952,366,0,0.0,PASS
Luxembourg,1953,365,0,0.0,PASS
Luxembourg,1954,365,0,0.0,PASS
Luxembourg,1955,365,0,0.0,PASS
Luxembourg,1956,366,0,0.0,PASS
Luxembourg,1957,365,0,0.0,PASS
Luxembourg,1958,365,0,0.0,PASS
Luxembourg,1959,365,0,0.0,PASS
Luxembourg,1960,366,0,0.0,PASS
Luxembourg,1961,365,0,0.0,PASS
Luxembourg,1962,365,0,0.0,PASS
Luxembourg,1963,365,0,0.0,PASS
Luxembourg,1964,366,0,0.0,PASS
Luxembourg,1965,365,0,0.0,PASS
Luxembourg,1966,365,0,0.0,PASS
Luxembourg,1967,365,0,0.0,PASS
Luxembourg,1968,366,0,0.0,PASS
Luxembourg,1969,365,0,0.0,PASS
Luxembourg,1970,365,0,0.0,PASS
Luxembourg,1971,365,0,0.0,PASS
Luxembourg,1972,366,0,0.0,PASS
Luxembourg,1973,365,0,0.0,PASS
Luxembourg,1974,365,0,0.0,PASS
Luxembourg,1975,365,0,0.0,PASS
Luxembourg,1976,366,0,0.0,PASS
Luxembourg,1977,365,0,0.0,PASS
Luxembourg,1978,365,0,0.0,PASS
Luxembourg,1979,365,0,0.0,PASS
Luxembourg,1980,366,0,0.0,PASS
Luxembourg,1981,365,0,0.0,PASS
Luxembourg,1982,365,0,0.0,PASS
Luxembourg,1983,365,0,0.0,PASS
Luxembourg,1984,366,0,0.0,PASS
Luxembourg,1985,365,0,0.0,PASS
Luxembourg,1986,365,0,0.0,PASS
Luxembourg,1987,365,0,0.0,PASS
Luxembourg,1988,366,0,0.0,PASS
Luxembourg,1989,365,0,0.0,PASS
Luxembourg,1990,365,0,0.0,PASS
Luxembourg,1991,365,0,0.0,PASS
Luxembourg,1992,366,0,0.0,PASS
Luxembourg,1993,365,0,0.0,PASS
Luxembourg,1994,365,0,0.0,PASS
Luxembourg,1995,365,0,0.0,PASS
Luxembourg,1996,366,0,0.0,PASS
Luxembourg,1997,365,0,0.0,PASS
Luxembourg,1998,365,0,0.0,PASS
Luxembourg,1999,365,0,0.0,PASS
Luxembourg,2000,366,0,0.0,PASS
Luxembourg,2001,365,0,0.0,PASS
Luxembourg,2002,365,0,0.0,PASS
Luxembourg,2003,365,0,0.0,PASS
Luxembourg,2004,366,0,0.0,PASS
Luxembourg,2005,365,0,0.0,PASS
Luxembourg,2006,365,0,0.0,PASS
Luxembourg,2007,365,0,0.0,PASS
Luxembourg,2008,366,0,0.0,PASS
Luxembourg,2009,365,0,0.0,PASS
Luxembourg,2010,365,0,0.0,PASS
Luxembourg,2011,365,0,0.0,PASS
Luxembourg,2012,366,0,0.0,PASS
Luxembourg,2013,365,0,0.0,PASS
Luxembourg,2014,365,0,0.0,PASS
Luxembourg,2015,365,0,0.0,PASS
Luxembourg,2016,366,0,0.0,PASS
Luxembourg,2017,365,0,0.0,PASS
Luxembourg,2018,365,0,0.0,PASS
Luxembourg,2019,365,0,0.0,PASS
Luxembourg,2020,366,0,0.0,PASS
Luxembourg,2021,365,0,0.0,PASS
Luxembourg,2022,365,0,0.0,PASS
Luxembourg,2023,365,0,0.0,PASS
Luxembourg,2024,366,0,0.0,PASS
Netherlands,1950,365,0,0.0,PASS
Netherlands,1951,365,0,0.0,PASS
Netherlands,1952,366,0,0.0,PASS
Netherlands,1953,365,0,0.0,PASS
Netherlands,1954,365,0,0.0,PASS
Netherlands,1955,365,0,0.0,PASS
Netherlands,1956,366,0,0.0,PASS
Netherlands,1957,365,0,0.0,PASS
Netherlands,1958,365,0,0.0,PASS
Netherlands,1959,365,0,0.0,PASS
Netherlands,1960,366,0,0.0,PASS
Netherlands,1961,365,0,0.0,PASS
Netherlands,1962,365,0,0.0,PASS
Netherlands,1963,365,0,0.0,PASS
Netherlands,1964,366,0,0.0,PASS
Netherlands,1965,365,0,0.0,PASS
Netherlands,1966,365,0,0.0,PASS
Netherlands,1967,365,0,0.0,PASS
Netherlands,1968,366,0,0.0,PASS
Netherlands,1969,365,0,0.0,PASS
Netherlands,1970,365,0,0.0,PASS
Netherlands,1971,365,0,0.0,PASS
Netherlands,1972,366,0,0.0,PASS
Netherlands,1973,365,0,0.0,PASS
Netherlands,1974,365,0,0.0,PASS
Netherlands,1975,365,0,0.0,PASS
Netherlands,1976,366,0,0.0,PASS
Netherlands,1977,365,0,0.0,PASS
Netherlands,1978,365,0,0.0,PASS
Netherlands,1979,365,0,0.0,PASS
Netherlands,1980,366,0,0.0,PASS
Netherlands,1981,365,0,0.0,PASS
Netherlands,1982,365,0,0.0,PASS
Netherlands,1983,365,0,0.0,PASS
Netherlands,1984,366,0,0.0,PASS
Netherlands,1985,365,0,0.0,PASS
Netherlands,1986,365,0,0.0,PASS
Netherlands,1987,365,0,0.0,PASS
Netherlands,1988,366,0,0.0,PASS
Netherlands,1989,365,0,0.0,PASS
Netherlands,1990,365,0,0.0,PASS
Netherlands,1991,365,0,0.0,PASS
Netherlands,1992,366,0,0.0,PASS
Netherlands,1993,365,0,0.0,PASS
Netherlands,1994,365,0,0.0,PASS
Netherlands,1995,365,0,0.0,PASS
Netherlands,1996,366,0,0.0,PASS
Netherlands,1997,365,0,0.0,PASS
Netherlands,1998,365,0,0.0,PASS
Netherlands,1999,365,0,0.0,PASS
Netherlands,2000,366,0,0.0,PASS
Netherlands,2001,365,0,0.0,PASS
Netherlands,2002,365,0,0.0,PASS
Netherlands,2003,365,0,0.0,PASS
Netherlands,2004,366,0,0.0,PASS
Netherlands,2005,365,0,0.0,PASS
Netherlands,2006,365,0,0.0,PASS
Netherlands,2007,365,0,0.0,PASS
Netherlands,2008,366,0,0.0,PASS
Netherlands,2009,365,0,0.0,PASS
Netherlands,2010,365,0,0.0,PASS
Netherlands,2011,365,0,0.0,PASS
Netherlands,2012,366,0,0.0,PASS
Netherlands,2013,365,0,0.0,PASS
Netherlands,2014,365,0,0.0,PASS
Netherlands,2015,365,0,0.0,PASS
Netherlands,2016,366,0,0.0,PASS
Netherlands,2017,365,0,0.0,PASS
Netherlands,2018,365,0,0.0,PASS
Netherlands,2019,365,0,0.0,PASS
Netherlands,2020,366,0,0.0,PASS
Netherlands,2021,365,0,0.0,PASS
Netherlands,2022,365,0,0.0,PASS
Netherlands,2023,365,0,0.0,PASS
Netherlands,2024,366,0,0.0,PASS
Norway,1950,365,0,0.0,PASS
Norway,1951,365,0,0.0,PASS
Norway,1952,366,0,0.0,PASS
Norway,1953,365,0,0.0,PASS
Norway,1954,365,0,0.0,PASS
Norway,1955,365,0,0.0,PASS
Norway,1956,366,0,0.0,PASS
Norway,1957,365,0,0.0,PASS
Norway,1958,365,0,0.0,PASS
Norway,1959,365,0,0.0,PASS
Norway,1960,366,0,0.0,PASS
Norway,1961,365,0,0.0,PASS
Norway,1962,365,0,0.0,PASS
Norway,1963,365,0,0.0,PASS
Norway,1964,366,0,0.0,PASS
Norway,1965,365,0,0.0,PASS
Norway,1966,365,0,0.0,PASS
Norway,1967,365,0,0.0,PASS
Norway,1968,366,0,0.0,PASS
Norway,1969,365,0,0.0,PASS
Norway,1970,365,0,0.0,PASS
Norway,1971,365,0,0.0,PASS
Norway,1972,366,0,0.0,PASS
Norway,1973,365,0,0.0,PASS
Norway,1974,365,0,0.0,PASS
Norway,1975,365,0,0.0,PASS
Norway,1976,366,0,0.0,PASS
Norway,1977,365,0,0.0,PASS
Norway,1978,365,0,0.0,PASS
Norway,1979,365,0,0.0,PASS
Norway,1980,366,0,0.0,PASS
Norway,1981,365,0,0.0,PASS
Norway,1982,365,0,0.0,PASS
Norway,1983,365,0,0.0,PASS
Norway,1984,366,0,0.0,PASS
Norway,1985,365,0,0.0,PASS
Norway,1986,365,0,0.0,PASS
Norway,1987,365,0,0.0,PASS
Norway,1988,366,0,0.0,PASS
Norway,1989,365,0,0.0,PASS
Norway,1990,365,0,0.0,PASS
Norway,1991,365,0,0.0,PASS
Norway,1992,366,0,0.0,PASS
Norway,1993,365,0,0.0,PASS
Norway,1994,365,0,0.0,PASS
Norway,1995,365,0,0.0,PASS
Norway,1996,366,0,0.0,PASS
Norway,1997,365,0,0.0,PASS
Norway,1998,365,0,0.0,PASS
Norway,1999,365,0,0.0,PASS
Norway,2000,366,0,0.0,PASS
Norway,2001,365,0,0.0,PASS
Norway,2002,365,0,0.0,PASS
Norway,2003,365,0,0.0,PASS
Norway,2004,366,0,0.0,PASS
Norway,2005,365,0,0.0,PASS
Norway,2006,365,0,0.0,PASS
Norway,2007,365,0,0.0,PASS
Norway,2008,366,0,0.0,PASS
Norway,2009,365,0,0.0,PASS
Norway,2010,365,0,0.0,PASS
Norway,2011,365,0,0.0,PASS
Norway,2012,366,0,0.0,PASS
Norway,2013,365,0,0.0,PASS
Norway,2014,365,0,0.0,PASS
Norway,2015,365,0,0.0,PASS
Norway,2016,366,0,0.0,PASS
Norway,2017,365,0,0.0,PASS
Norway,2018,365,0,0.0,PASS
Norway,2019,365,0,0.0,PASS
Norway,2020,366,0,0.0,PASS
Norway,2021,365,0,0.0,PASS
Norway,2022,365,0,0.0,PASS
Norway,2023,365,0,0.0,PASS
Norway,2024,366,0,0.0,PASS
Poland,1950,365,0,0.0,PASS
Poland,1951,365,0,0.0,PASS
Poland,1952,366,0,0.0,PASS
Poland,1953,365,0,0.0,PASS
Poland,1954,365,0,0.0,PASS
Poland,1955,365,0,0.0,PASS
Poland,1956,366,0,0.0,PASS
Poland,1957,365,0,0.0,PASS
Poland,1958,365,0,0.0,PASS
Poland,1959,365,0,0.0,PASS
Poland,1960,366,0,0.0,PASS
Poland,1961,365,0,0.0,PASS
Poland,1962,365,0,0.0,PASS
Poland,1963,365,0,0.0,PASS
Poland,1964,366,0,0.0,PASS
Poland,1965,365,0,0.0,PASS
Poland,1966,365,0,0.0,PASS
Poland,1967,365,0,0.0,PASS
Poland,1968,366,0,0.0,PASS
Poland,1969,365,0,0.0,PASS
Poland,1970,365,0,0.0,PASS
Poland,1971,365,0,0.0,PASS
Poland,1972,366,0,0.0,PASS
Poland,1973,365,0,0.0,PASS
Poland,1974,365,0,0.0,PASS
Poland,1975,365,0,0.0,PASS
Poland,1976,366,0,0.0,PASS
Poland,1977,365,0,0.0,PASS
Poland,1978,365,0,0.0,PASS
Poland,1979,365,0,0.0,PASS
Poland,1980,366,0,0.0,PASS
Poland,1981,365,0,0.0,PASS
Poland,1982,365,0,0.0,PASS
Poland,1983,365,0,0.0,PASS
Poland,1984,366,0,0.0,PASS
Poland,1985,365,0,0.0,PASS
Poland,1986,365,0,0.0,PASS
Poland,1987,365,0,0.0,PASS
Poland,1988,366,0,0.0,PASS
Poland,1989,365,0,0.0,PASS
Poland,1990,365,0,0.0,PASS
Poland,1991,365,0,0.0,PASS
Poland,1992,366,0,0.0,PASS
Poland,1993,365,0,0.0,PASS
Poland,1994,365,0,0.0,PASS
Poland,1995,365,0,0.0,PASS
Poland,1996,366,0,0.0,PASS
Poland,1997,365,0,0.0,PASS
Poland,1998,365,0,0.0,PASS
Poland,1999,365,0,0.0,PASS
Poland,2000,366,0,0.0,PASS
Poland,2001,365,0,0.0,PASS
Poland,2002,365,0,0.0,PASS
Poland,2003,365,0,0.0,PASS
Poland,2004,366,0,0.0,PASS
Poland,2005,365,0,0.0,PASS
Poland,2006,365,0,0.0,PASS
Poland,2007,365,0,0.0,PASS
Poland,2008,366,0,0.0,PASS
Poland,2009,365,0,0.0,PASS
Poland,2010,365,0,0.0,PASS
Poland,2011,365,0,0.0,PASS
Poland,2012,366,0,0.0,PASS
Poland,2013,365,0,0.0,PASS
Poland,2014,365,0,0.0,PASS
Poland,2015,365,0,0.0,PASS
Poland,2016,366,0,0.0,PASS
Poland,2017,365,0,0.0,PASS
Poland,2018,365,0,0.0,PASS
Poland,2019,365,0,0.0,PASS
Poland,2020,366,0,0.0,PASS
Poland,2021,365,0,0.0,PASS
Poland,2022,365,0,0.0,PASS
Poland,2023,365,0,0.0,PASS
Poland,2024,366,0,0.0,PASS
Portugal,1950,365,0,0.0,PASS
Portugal,1951,365,0,0.0,PASS
Portugal,1952,366,0,0.0,PASS
Portugal,1953,365,0,0.0,PASS
Portugal,1954,365,0,0.0,PASS
Portugal,1955,365,0,0.0,PASS
Portugal,1956,366,0,0.0,PASS
Portugal,1957,365,0,0.0,PASS
Portugal,1958,365,0,0.0,PASS
Portugal,1959,365,0,0.0,PASS
Portugal,1960,366,0,0.0,PASS
Portugal,1961,365,0,0.0,PASS
Portugal,1962,365,0,0.0,PASS
Portugal,1963,365,0,0.0,PASS
Portugal,1964,366,0,0.0,PASS
Portugal,1965,365,0,0.0,PASS
Portugal,1966,365,0,0.0,PASS
Portugal,1967,365,0,0.0,PASS
Portugal,1968,366,0,0.0,PASS
Portugal,1969,365,0,0.0,PASS
Portugal,1970,365,0,0.0,PASS
Portugal,1971,365,0,0.0,PASS
Portugal,1972,366,0,0.0,PASS
Portugal,1973,365,0,0.0,PASS
Portugal,1974,365,0,0.0,PASS
Portugal,1975,365,0,0.0,PASS
Portugal,1976,366,0,0.0,PASS
Portugal,1977,365,0,0.0,PASS
Portugal,1978,365,0,0.0,PASS
Portugal,1979,365,0,0.0,PASS
Portugal,1980,366,0,0.0,PASS
Portugal,1981,365,0,0.0,PASS
Portugal,1982,365,0,0.0,PASS
Portugal,1983,365,0,0.0,PASS
Portugal,1984,366,0,0.0,PASS
Portugal,1985,365,0,0.0,PASS
Portugal,1986,365,0,0.0,PASS
Portugal,1987,365,0,0.0,PASS
Portugal,1988,366,0,0.0,PASS
Portugal,1989,365,0,0.0,PASS
Portugal,1990,365,0,0.0,PASS
Portugal,1991,365,0,0.0,PASS
Portugal,1992,366,0,0.0,PASS
Portugal,1993,365,0,0.0,PASS
Portugal,1994,365,0,0.0,PASS
Portugal,1995,365,0,0.0,PASS
Portugal,1996,366,0,0.0,PASS
Portugal,1997,365,0,0.0,PASS
Portugal,1998,365,0,0.0,PASS
Portugal,1999,365,0,0.0,PASS
Portugal,2000,366,0,0.0,PASS
Portugal,2001,365,0,0.0,PASS
Portugal,2002,365,0,0.0,PASS
Portugal,2003,365,0,0.0,PASS
Portugal,2004,366,0,0.0,PASS
Portugal,2005,365,0,0.0,PASS
Portugal,2006,365,0,0.0,PASS
Portugal,2007,365,0,0.0,PASS
Portugal,2008,366,0,0.0,PASS
Portugal,2009,365,0,0.0,PASS
Portugal,2010,365,0,0.0,PASS
Portugal,2011,365,0,0.0,PASS
Portugal,2012,366,0,0.0,PASS
Portugal,2013,365,0,0.0,PASS
Portugal,2014,365,0,0.0,PASS
Portugal,2015,365,0,0.0,PASS
Portugal,2016,366,0,0.0,PASS
Portugal,2017,365,0,0.0,PASS
Portugal,2018,365,0,0.0,PASS
Portugal,2019,365,0,0.0,PASS
Portugal,2020,366,0,0.0,PASS
Portugal,2021,365,0,0.0,PASS
Portugal,2022,365,0,0.0,PASS
Portugal,2023,365,0,0.0,PASS
Portugal,2024,366,0,0.0,PASS
Romania,1950,365,0,0.0,PASS
Romania,1951,365,0,0.0,PASS
Romania,1952,366,0,0.0,PASS
Romania,1953,365,0,0.0,PASS
Romania,1954,365,0,0.0,PASS
Romania,1955,365,0,0.0,PASS
Romania,1956,366,0,0.0,PASS
Romania,1957,365,0,0.0,PASS
Romania,1958,365,0,0.0,PASS
Romania,1959,365,0,0.0,PASS
Romania,1960,366,0,0.0,PASS
Romania,1961,365,0,0.0,PASS
Romania,1962,365,0,0.0,PASS
Romania,1963,365,0,0.0,PASS
Romania,1964,366,0,0.0,PASS
Romania,1965,365,0,0.0,PASS
Romania,1966,365,0,0.0,PASS
Romania,1967,365,0,0.0,PASS
Romania,1968,366,0,0.0,PASS
Romania,1969,365,0,0.0,PASS
Romania,1970,365,0,0.0,PASS
Romania,1971,365,0,0.0,PASS
Romania,1972,366,0,0.0,PASS
Romania,1973,365,0,0.0,PASS
Romania,1974,365,0,0.0,PASS
Romania,1975,365,0,0.0,PASS
Romania,1976,366,0,0.0,PASS
Romania,1977,365,0,0.0,PASS
Romania,1978,365,0,0.0,PASS
Romania,1979,365,0,0.0,PASS
Romania,1980,366,0,0.0,PASS
Romania,1981,365,0,0.0,PASS
Romania,1982,365,0,0.0,PASS
Romania,1983,365,0,0.0,PASS
Romania,1984,366,0,0.0,PASS
Romania,1985,365,0,0.0,PASS
Romania,1986,365,0,0.0,PASS
Romania,1987,365,0,0.0,PASS
Romania,1988,366,0,0.0,PASS
Romania,1989,365,0,0.0,PASS
Romania,1990,365,0,0.0,PASS
Romania,1991,365,0,0.0,PASS
Romania,1992,366,0,0.0,PASS
Romania,1993,365,0,0.0,PASS
Romania,1994,365,0,0.0,PASS
Romania,1995,365,0,0.0,PASS
Romania,1996,366,0,0.0,PASS
Romania,1997,365,0,0.0,PASS
Romania,1998,365,0,0.0,PASS
Romania,1999,365,0,0.0,PASS
Romania,2000,366,0,0.0,PASS
Romania,2001,365,0,0.0,PASS
Romania,2002,365,0,0.0,PASS
Romania,2003,365,0,0.0,PASS
Romania,2004,366,0,0.0,PASS
Romania,2005,365,0,0.0,PASS
Romania,2006,365,0,0.0,PASS
Romania,2007,365,0,0.0,PASS
Romania,2008,366,0,0.0,PASS
Romania,2009,365,0,0.0,PASS
Romania,2010,365,0,0.0,PASS
Romania,2011,365,0,0.0,PASS
Romania,2012,366,0,0.0,PASS
Romania,2013,365,0,0.0,PASS
Romania,2014,365,0,0.0,PASS
Romania,2015,365,0,0.0,PASS
Romania,2016,366,0,0.0,PASS
Romania,2017,365,0,0.0,PASS
Romania,2018,365,0,0.0,PASS
Romania,2019,365,0,0.0,PASS
Romania,2020,366,0,0.0,PASS
Romania,2021,365,0,0.0,PASS
Romania,2022,365,0,0.0,PASS
Romania,2023,365,0,0.0,PASS
Romania,2024,366,0,0.0,PASS
Serbia,1950,365,0,0.0,PASS
Serbia,1951,365,0,0.0,PASS
Serbia,1952,366,0,0.0,PASS
Serbia,1953,365,0,0.0,PASS
Serbia,1954,365,0,0.0,PASS
Serbia,1955,365,0,0.0,PASS
Serbia,1956,366,0,0.0,PASS
Serbia,1957,365,0,0.0,PASS
Serbia,1958,365,0,0.0,PASS
Serbia,1959,365,0,0.0,PASS
Serbia,1960,366,0,0.0,PASS
Serbia,1961,365,0,0.0,PASS
Serbia,1962,365,0,0.0,PASS
Serbia,1963,365,0,0.0,PASS
Serbia,1964,366,0,0.0,PASS
Serbia,1965,365,0,0.0,PASS
Serbia,1966,365,0,0.0,PASS
Serbia,1967,365,0,0.0,PASS
Serbia,1968,366,0,0.0,PASS
Serbia,1969,365,0,0.0,PASS
Serbia,1970,365,0,0.0,PASS
Serbia,1971,365,0,0.0,PASS
Serbia,1972,366,0,0.0,PASS
Serbia,1973,365,0,0.0,PASS
Serbia,1974,365,0,0.0,PASS
Serbia,1975,365,0,0.0,PASS
Serbia,1976,366,0,0.0,PASS
Serbia,1977,365,0,0.0,PASS
Serbia,1978,365,0,0.0,PASS
Serbia,1979,365,0,0.0,PASS
Serbia,1980,366,0,0.0,PASS
Serbia,1981,365,0,0.0,PASS
Serbia,1982,365,0,0.0,PASS
Serbia,1983,365,0,0.0,PASS
Serbia,1984,366,0,0.0,PASS
Serbia,1985,365,0,0.0,PASS
Serbia,1986,365,0,0.0,PASS
Serbia,1987,365,0,0.0,PASS
Serbia,1988,366,0,0.0,PASS
Serbia,1989,365,0,0.0,PASS
Serbia,1990,365,0,0.0,PASS
Serbia,1991,365,0,0.0,PASS
Serbia,1992,366,0,0.0,PASS
Serbia,1993,365,0,0.0,PASS
Serbia,1994,365,0,0.0,PASS
Serbia,1995,365,0,0.0,PASS
Serbia,1996,366,0,0.0,PASS
Serbia,1997,365,0,0.0,PASS
Serbia,1998,365,0,0.0,PASS
Serbia,1999,365,0,0.0,PASS
Serbia,2000,366,0,0.0,PASS
Serbia,2001,365,0,0.0,PASS
Serbia,2002,365,0,0.0,PASS
Serbia,2003,365,0,0.0,PASS
Serbia,2004,366,0,0.0,PASS
Serbia,2005,365,0,0.0,PASS
Serbia,2006,365,0,0.0,PASS
Serbia,2007,365,0,0.0,PASS
Serbia,2008,366,0,0.0,PASS
Serbia,2009,365,0,0.0,PASS
Serbia,2010,365,0,0.0,PASS
Serbia,2011,365,0,0.0,PASS
Serbia,2012,366,0,0.0,PASS
Serbia,2013,365,0,0.0,PASS
Serbia,2014,365,0,0.0,PASS
Serbia,2015,365,0,0.0,PASS
Serbia,2016,366,0,0.0,PASS
Serbia,2017,365,0,0.0,PASS
Serbia,2018,365,0,0.0,PASS
Serbia,2019,365,0,0.0,PASS
Serbia,2020,366,0,0.0,PASS
Serbia,2021,365,0,0.0,PASS
Serbia,2022,365,0,0.0,PASS
Serbia,2023,365,0,0.0,PASS
Serbia,2024,366,0,0.0,PASS
Slovakia,1950,365,0,0.0,PASS
Slovakia,1951,365,0,0.0,PASS
Slovakia,1952,366,0,0.0,PASS
Slovakia,1953,365,0,0.0,PASS
Slovakia,1954,365,0,0.0,PASS
Slovakia,1955,365,0,0.0,PASS
Slovakia,1956,366,0,0.0,PASS
Slovakia,1957,365,0,0.0,PASS
Slovakia,1958,365,0,0.0,PASS
Slovakia,1959,365,0,0.0,PASS
Slovakia,1960,366,0,0.0,PASS
Slovakia,1961,365,0,0.0,PASS
Slovakia,1962,365,0,0.0,PASS
Slovakia,1963,365,0,0.0,PASS
Slovakia,1964,366,0,0.0,PASS
Slovakia,1965,365,0,0.0,PASS
Slovakia,1966,365,0,0.0,PASS
Slovakia,1967,365,0,0.0,PASS
Slovakia,1968,366,0,0.0,PASS
Slovakia,1969,365,0,0.0,PASS
Slovakia,1970,365,0,0.0,PASS
Slovakia,1971,365,0,0.0,PASS
Slovakia,1972,366,0,0.0,PASS
Slovakia,1973,365,0,0.0,PASS
Slovakia,1974,365,0,0.0,PASS
Slovakia,1975,365,0,0.0,PASS
Slovakia,1976,366,0,0.0,PASS
Slovakia,1977,365,0,0.0,PASS
Slovakia,1978,365,0,0.0,PASS
Slovakia,1979,365,0,0.0,PASS
Slovakia,1980,366,0,0.0,PASS
Slovakia,1981,365,0,0.0,PASS
Slovakia,1982,365,0,0.0,PASS
Slovakia,1983,365,0,0.0,PASS
Slovakia,1984,366,0,0.0,PASS
Slovakia,1985,365,0,0.0,PASS
Slovakia,1986,365,0,0.0,PASS
Slovakia,1987,365,0,0.0,PASS
Slovakia,1988,366,0,0.0,PASS
Slovakia,1989,365,0,0.0,PASS
Slovakia,1990,365,0,0.0,PASS
Slovakia,1991,365,0,0.0,PASS
Slovakia,1992,366,0,0.0,PASS
Slovakia,1993,365,0,0.0,PASS
Slovakia,1994,365,0,0.0,PASS
Slovakia,1995,365,0,0.0,PASS
Slovakia,1996,366,0,0.0,PASS
Slovakia,1997,365,0,0.0,PASS
Slovakia,1998,365,0,0.0,PASS
Slovakia,1999,365,0,0.0,PASS
Slovakia,2000,366,0,0.0,PASS
Slovakia,2001,365,0,0.0,PASS
Slovakia,2002,365,0,0.0,PASS
Slovakia,2003,365,0,0.0,PASS
Slovakia,2004,366,0,0.0,PASS
Slovakia,2005,365,0,0.0,PASS
Slovakia,2006,365,0,0.0,PASS
Slovakia,2007,365,0,0.0,PASS
Slovakia,2008,366,0,0.0,PASS
Slovakia,2009,365,0,0.0,PASS
Slovakia,2010,365,0,0.0,PASS
Slovakia,2011,365,0,0.0,PASS
Slovakia,2012,366,0,0.0,PASS
Slovakia,2013,365,0,0.0,PASS
Slovakia,2014,365,0,0.0,PASS
Slovakia,2015,365,0,0.0,PASS
Slovakia,2016,366,0,0.0,PASS
Slovakia,2017,365,0,0.0,PASS
Slovakia,2018,365,0,0.0,PASS
Slovakia,2019,365,0,0.0,PASS
Slovakia,2020,366,0,0.0,PASS
Slovakia,2021,365,0,0.0,PASS
Slovakia,2022,365,0,0.0,PASS
Slovakia,2023,365,0,0.0,PASS
Slovakia,2024,366,0,0.0,PASS
Slovenia,1950,365,0,0.0,PASS
Slovenia,1951,365,0,0.0,PASS
Slovenia,1952,366,0,0.0,PASS
Slovenia,1953,365,0,0.0,PASS
Slovenia,1954,365,0,0.0,PASS
Slovenia,1955,365,0,0.0,PASS
Slovenia,1956,366,0,0.0,PASS
Slovenia,1957,365,0,0.0,PASS
Slovenia,1958,365,0,0.0,PASS
Slovenia,1959,365,0,0.0,PASS
Slovenia,1960,366,0,0.0,PASS
Slovenia,1961,365,0,0.0,PASS
Slovenia,1962,365,0,0.0,PASS
Slovenia,1963,365,0,0.0,PASS
Slovenia,1964,366,0,0.0,PASS
Slovenia,1965,365,0,0.0,PASS
Slovenia,1966,365,0,0.0,PASS
Slovenia,1967,365,0,0.0,PASS
Slovenia,1968,366,0,0.0,PASS
Slovenia,1969,365,0,0.0,PASS
Slovenia,1970,365,0,0.0,PASS
Slovenia,1971,365,0,0.0,PASS
Slovenia,1972,366,0,0.0,PASS
Slovenia,1973,365,0,0.0,PASS
Slovenia,1974,365,0,0.0,PASS
Slovenia,1975,365,0,0.0,PASS
Slovenia,1976,366,0,0.0,PASS
Slovenia,1977,365,0,0.0,PASS
Slovenia,1978,365,0,0.0,PASS
Slovenia,1979,365,0,0.0,PASS
Slovenia,1980,366,0,0.0,PASS
Slovenia,1981,365,0,0.0,PASS
Slovenia,1982,365,0,0.0,PASS
Slovenia,1983,365,0,0.0,PASS
Slovenia,1984,366,0,0.0,PASS
Slovenia,1985,365,0,0.0,PASS
Slovenia,1986,365,0,0.0,PASS
Slovenia,1987,365,0,0.0,PASS
Slovenia,1988,366,0,0.0,PASS
Slovenia,1989,365,0,0.0,PASS
Slovenia,1990,365,0,0.0,PASS
Slovenia,1991,365,0,0.0,PASS
Slovenia,1992,366,0,0.0,PASS
Slovenia,1993,365,0,0.0,PASS
Slovenia,1994,365,0,0.0,PASS
Slovenia,1995,365,0,0.0,PASS
Slovenia,1996,366,0,0.0,PASS
Slovenia,1997,365,0,0.0,PASS
Slovenia,1998,365,0,0.0,PASS
Slovenia,1999,365,0,0.0,PASS
Slovenia,2000,366,0,0.0,PASS
Slovenia,2001,365,0,0.0,PASS
Slovenia,2002,365,0,0.0,PASS
Slovenia,2003,365,0,0.0,PASS
Slovenia,2004,366,0,0.0,PASS
Slovenia,2005,365,0,0.0,PASS
Slovenia,2006,365,0,0.0,PASS
Slovenia,2007,365,0,0.0,PASS
Slovenia,2008,366,0,0.0,PASS
Slovenia,2009,365,0,0.0,PASS
Slovenia,2010,365,0,0.0,PASS
Slovenia,2011,365,0,0.0,PASS
Slovenia,2012,366,0,0.0,PASS
Slovenia,2013,365,0,0.0,PASS
Slovenia,2014,365,0,0.0,PASS
Slovenia,2015,365,0,0.0,PASS
Slovenia,2016,366,0,0.0,PASS
Slovenia,2017,365,0,0.0,PASS
Slovenia,2018,365,0,0.0,PASS
Slovenia,2019,365,0,0.0,PASS
Slovenia,2020,366,0,0.0,PASS
Slovenia,2021,365,0,0.0,PASS
Slovenia,2022,365,0,0.0,PASS
Slovenia,2023,365,0,0.0,PASS
Slovenia,2024,366,0,0.0,PASS
Spain,1950,365,0,0.0,PASS
Spain,1951,365,0,0.0,PASS
Spain,1952,366,0,0.0,PASS
Spain,1953,365,0,0.0,PASS
Spain,1954,365,0,0.0,PASS
Spain,1955,365,0,0.0,PASS
Spain,1956,366,0,0.0,PASS
Spain,1957,365,0,0.0,PASS
Spain,1958,365,0,0.0,PASS
Spain,1959,365,0,0.0,PASS
Spain,1960,366,0,0.0,PASS
Spain,1961,365,0,0.0,PASS
Spain,1962,365,0,0.0,PASS
Spain,1963,365,0,0.0,PASS
Spain,1964,366,0,0.0,PASS
Spain,1965,365,0,0.0,PASS
Spain,1966,365,0,0.0,PASS
Spain,1967,365,0,0.0,PASS
Spain,1968,366,0,0.0,PASS
Spain,1969,365,0,0.0,PASS
Spain,1970,365,0,0.0,PASS
Spain,1971,365,0,0.0,PASS
Spain,1972,366,0,0.0,PASS
Spain,1973,365,0,0.0,PASS
Spain,1974,365,0,0.0,PASS
Spain,1975,365,0,0.0,PASS
Spain,1976,366,0,0.0,PASS
Spain,1977,365,0,0.0,PASS
Spain,1978,365,0,0.0,PASS
Spain,1979,365,0,0.0,PASS
Spain,1980,366,0,0.0,PASS
Spain,1981,365,0,0.0,PASS
Spain,1982,365,0,0.0,PASS
Spain,1983,365,0,0.0,PASS
Spain,1984,366,0,0.0,PASS
Spain,1985,365,0,0.0,PASS
Spain,1986,365,0,0.0,PASS
Spain,1987,365,0,0.0,PASS
Spain,1988,366,0,0.0,PASS
Spain,1989,365,0,0.0,PASS
Spain,1990,365,0,0.0,PASS
Spain,1991,365,0,0.0,PASS
Spain,1992,366,0,0.0,PASS
Spain,1993,365,0,0.0,PASS
Spain,1994,365,0,0.0,PASS
Spain,1995,365,0,0.0,PASS
Spain,1996,366,0,0.0,PASS
Spain,1997,365,0,0.0,PASS
Spain,1998,365,0,0.0,PASS
Spain,1999,365,0,0.0,PASS
Spain,2000,366,0,0.0,PASS
Spain,2001,365,0,0.0,PASS
Spain,2002,365,0,0.0,PASS
Spain,2003,365,0,0.0,PASS
Spain,2004,366,0,0.0,PASS
Spain,2005,365,0,0.0,PASS
Spain,2006,365,0,0.0,PASS
Spain,2007,365,0,0.0,PASS
Spain,2008,366,0,0.0,PASS
Spain,2009,365,0,0.0,PASS
Spain,2010,365,0,0.0,PASS
Spain,2011,365,0,0.0,PASS
Spain,2012,366,0,0.0,PASS
Spain,2013,365,0,0.0,PASS
Spain,2014,365,0,0.0,PASS
Spain,2015,365,0,0.0,PASS
Spain,2016,366,0,0.0,PASS
Spain,2017,365,0,0.0,PASS
Spain,2018,365,0,0.0,PASS
Spain,2019,365,0,0.0,PASS
Spain,2020,366,0,0.0,PASS
Spain,2021,365,0,0.0,PASS
Spain,2022,365,0,0.0,PASS
Spain,2023,365,0,0.0,PASS
Spain,2024,366,0,0.0,PASS
Sweden,1950,365,0,0.0,PASS
Sweden,1951,365,0,0.0,PASS
Sweden,1952,366,0,0.0,PASS
Sweden,1953,365,0,0.0,PASS
Sweden,1954,365,0,0.0,PASS
Sweden,1955,365,0,0.0,PASS
Sweden,1956,366,0,0.0,PASS
Sweden,1957,365,0,0.0,PASS
Sweden,1958,365,0,0.0,PASS
Sweden,1959,365,0,0.0,PASS
Sweden,1960,366,0,0.0,PASS
Sweden,1961,365,0,0.0,PASS
Sweden,1962,365,0,0.0,PASS
Sweden,1963,365,0,0.0,PASS
Sweden,1964,366,0,0.0,PASS
Sweden,1965,365,0,0.0,PASS
Sweden,1966,365,0,0.0,PASS
Sweden,1967,365,0,0.0,PASS
Sweden,1968,366,0,0.0,PASS
Sweden,1969,365,0,0.0,PASS
Sweden,1970,365,0,0.0,PASS
Sweden,1971,365,0,0.0,PASS
Sweden,1972,366,0,0.0,PASS
Sweden,1973,365,0,0.0,PASS
Sweden,1974,365,0,0.0,PASS
Sweden,1975,365,0,0.0,PASS
Sweden,1976,366,0,0.0,PASS
Sweden,1977,365,0,0.0,PASS
Sweden,1978,365,0,0.0,PASS
Sweden,1979,365,0,0.0,PASS
Sweden,1980,366,0,0.0,PASS
Sweden,1981,365,0,0.0,PASS
Sweden,1982,365,0,0.0,PASS
Sweden,1983,365,0,0.0,PASS
Sweden,1984,366,0,0.0,PASS
Sweden,1985,365,0,0.0,PASS
Sweden,1986,365,0,0.0,PASS
Sweden,1987,365,0,0.0,PASS
Sweden,1988,366,0,0.0,PASS
Sweden,1989,365,0,0.0,PASS
Sweden,1990,365,0,0.0,PASS
Sweden,1991,365,0,0.0,PASS
Sweden,1992,366,0,0.0,PASS
Sweden,1993,365,0,0.0,PASS
Sweden,1994,365,0,0.0,PASS
Sweden,1995,365,0,0.0,PASS
Sweden,1996,366,0,0.0,PASS
Sweden,1997,365,0,0.0,PASS
Sweden,1998,365,0,0.0,PASS
Sweden,1999,365,0,0.0,PASS
Sweden,2000,366,0,0.0,PASS
Sweden,2001,365,0,0.0,PASS
Sweden,2002,365,0,0.0,PASS
Sweden,2003,365,0,0.0,PASS
Sweden,2004,366,0,0.0,PASS
Sweden,2005,365,0,0.0,PASS
Sweden,2006,365,0,0.0,PASS
Sweden,2007,365,0,0.0,PASS
Sweden,2008,366,0,0.0,PASS
Sweden,2009,365,0,0.0,PASS
Sweden,2010,365,0,0.0,PASS
Sweden,2011,365,0,0.0,PASS
Sweden,2012,366,0,0.0,PASS
Sweden,2013,365,0,0.0,PASS
Sweden,2014,365,0,0.0,PASS
Sweden,2015,365,0,0.0,PASS
Sweden,2016,366,0,0.0,PASS
Sweden,2017,365,0,0.0,PASS
Sweden,2018,365,0,0.0,PASS
Sweden,2019,365,0,0.0,PASS
Sweden,2020,366,0,0.0,PASS
Sweden,2021,365,0,0.0,PASS
Sweden,2022,365,0,0.0,PASS
Sweden,2023,365,0,0.0,PASS
Sweden,2024,366,0,0.0,PASS
Switzerland,1950,365,0,0.0,PASS
Switzerland,1951,365,0,0.0,PASS
Switzerland,1952,366,0,0.0,PASS
Switzerland,1953,365,0,0.0,PASS
Switzerland,1954,365,0,0.0,PASS
Switzerland,1955,365,0,0.0,PASS
Switzerland,1956,366,0,0.0,PASS
Switzerland,1957,365,0,0.0,PASS
Switzerland,1958,365,0,0.0,PASS
Switzerland,1959,365,0,0.0,PASS
Switzerland,1960,366,0,0.0,PASS
Switzerland,1961,365,0,0.0,PASS
Switzerland,1962,365,0,0.0,PASS
Switzerland,1963,365,0,0.0,PASS
Switzerland,1964,366,0,0.0,PASS
Switzerland,1965,365,0,0.0,PASS
Switzerland,1966,365,0,0.0,PASS
Switzerland,1967,365,0,0.0,PASS
Switzerland,1968,366,0,0.0,PASS
Switzerland,1969,365,0,0.0,PASS
Switzerland,1970,365,0,0.0,PASS
Switzerland,1971,365,0,0.0,PASS
Switzerland,1972,366,0,0.0,PASS
Switzerland,1973,365,0,0.0,PASS
Switzerland,1974,365,0,0.0,PASS
Switzerland,1975,365,0,0.0,PASS
Switzerland,1976,366,0,0.0,PASS
Switzerland,1977,365,0,0.0,PASS
Switzerland,1978,365,0,0.0,PASS
Switzerland,1979,365,0,0.0,PASS
Switzerland,1980,366,0,0.0,PASS
Switzerland,1981,365,0,0.0,PASS
Switzerland,1982,365,0,0.0,PASS
Switzerland,1983,365,0,0.0,PASS
Switzerland,1984,366,0,0.0,PASS
Switzerland,1985,365,0,0.0,PASS
Switzerland,1986,365,0,0.0,PASS
Switzerland,1987,365,0,0.0,PASS
Switzerland,1988,366,0,0.0,PASS
Switzerland,1989,365,0,0.0,PASS
Switzerland,1990,365,0,0.0,PASS
Switzerland,1991,365,0,0.0,PASS
Switzerland,1992,366,0,0.0,PASS
Switzerland,1993,365,0,0.0,PASS
Switzerland,1994,365,0,0.0,PASS
Switzerland,1995,365,0,0.0,PASS
Switzerland,1996,366,0,0.0,PASS
Switzerland,1997,365,0,0.0,PASS
Switzerland,1998,365,0,0.0,PASS
Switzerland,1999,365,0,0.0,PASS
Switzerland,2000,366,0,0.0,PASS
Switzerland,2001,365,0,0.0,PASS
Switzerland,2002,365,0,0.0,PASS
Switzerland,2003,365,0,0.0,PASS
Switzerland,2004,366,0,0.0,PASS
Switzerland,2005,365,0,0.0,PASS
Switzerland,2006,365,0,0.0,PASS
Switzerland,2007,365,0,0.0,PASS
Switzerland,2008,366,0,0.0,PASS
Switzerland,2009,365,0,0.0,PASS
Switzerland,2010,365,0,0.0,PASS
Switzerland,2011,365,0,0.0,PASS
Switzerland,2012,366,0,0.0,PASS
Switzerland,2013,365,0,0.0,PASS
Switzerland,2014,365,0,0.0,PASS
Switzerland,2015,365,0,0.0,PASS
Switzerland,2016,366,0,0.0,PASS
Switzerland,2017,365,0,0.0,PASS
Switzerland,2018,365,0,0.0,PASS
Switzerland,2019,365,0,0.0,PASS
Switzerland,2020,366,0,0.0,PASS
Switzerland,2021,365,0,0.0,PASS
Switzerland,2022,365,0,0.0,PASS
Switzerland,2023,365,0,0.0,PASS
Switzerland,2024,366,0,0.0,PASS
Ukraine,1950,365,0,0.0,PASS
Ukraine,1951,365,0,0.0,PASS
Ukraine,1952,366,0,0.0,PASS
Ukraine,1953,365,0,0.0,PASS
Ukraine,1954,365,0,0.0,PASS
Ukraine,1955,365,0,0.0,PASS
Ukraine,1956,366,0,0.0,PASS
Ukraine,1957,365,0,0.0,PASS
Ukraine,1958,365,0,0.0,PASS
Ukraine,1959,365,0,0.0,PASS
Ukraine,1960,366,0,0.0,PASS
Ukraine,1961,365,0,0.0,PASS
Ukraine,1962,365,0,0.0,PASS
Ukraine,1963,365,0,0.0,PASS
Ukraine,1964,366,0,0.0,PASS
Ukraine,1965,365,0,0.0,PASS
Ukraine,1966,365,0,0.0,PASS
Ukraine,1967,365,0,0.0,PASS
Ukraine,1968,366,0,0.0,PASS
Ukraine,1969,365,0,0.0,PASS
Ukraine,1970,365,0,0.0,PASS
Ukraine,1971,365,0,0.0,PASS
Ukraine,1972,366,0,0.0,PASS
Ukraine,1973,365,0,0.0,PASS
Ukraine,1974,365,0,0.0,PASS
Ukraine,1975,365,0,0.0,PASS
Ukraine,1976,366,0,0.0,PASS
Ukraine,1977,365,0,0.0,PASS
Ukraine,1978,365,0,0.0,PASS
Ukraine,1979,365,0,0.0,PASS
Ukraine,1980,366,0,0.0,PASS
Ukraine,1981,365,0,0.0,PASS
Ukraine,1982,365,0,0.0,PASS
Ukraine,1983,365,0,0.0,PASS
Ukraine,1984,366,0,0.0,PASS
Ukraine,1985,365,0,0.0,PASS
Ukraine,1986,365,0,0.0,PASS
Ukraine,1987,365,0,0.0,PASS
Ukraine,1988,366,0,0.0,PASS
Ukraine,1989,365,0,0.0,PASS
Ukraine,1990,365,0,0.0,PASS
Ukraine,1991,365,0,0.0,PASS
Ukraine,1992,366,0,0.0,PASS
Ukraine,1993,365,0,0.0,PASS
Ukraine,1994,365,0,0.0,PASS
Ukraine,1995,365,0,0.0,PASS
Ukraine,1996,366,0,0.0,PASS
Ukraine,1997,365,0,0.0,PASS
Ukraine,1998,365,0,0.0,PASS
Ukraine,1999,365,0,0.0,PASS
Ukraine,2000,366,0,0.0,PASS
Ukraine,2001,365,0,0.0,PASS
Ukraine,2002,365,0,0.0,PASS
Ukraine,2003,365,0,0.0,PASS
Ukraine,2004,366,0,0.0,PASS
Ukraine,2005,365,0,0.0,PASS
Ukraine,2006,365,0,0.0,PASS
Ukraine,2007,365,0,0.0,PASS
Ukraine,2008,366,0,0.0,PASS
Ukraine,2009,365,0,0.0,PASS
Ukraine,2010,365,0,0.0,PASS
Ukraine,2011,365,0,0.0,PASS
Ukraine,2012,366,0,0.0,PASS
Ukraine,2013,365,0,0.0,PASS
Ukraine,2014,365,0,0.0,PASS
Ukraine,2015,365,0,0.0,PASS
Ukraine,2016,366,0,0.0,PASS
Ukraine,2017,365,0,0.0,PASS
Ukraine,2018,365,0,0.0,PASS
Ukraine,2019,365,0,0.0,PASS
Ukraine,2020,366,0,0.0,PASS
Ukraine,2021,365,0,0.0,PASS
Ukraine,2022,365,0,0.0,PASS
Ukraine,2023,365,0,0.0,PASS
Ukraine,2024,366,0,0.0,PASS
United Kingdom,1950,365,0,0.0,PASS
United Kingdom,1951,365,0,0.0,PASS
United Kingdom,1952,366,0,0.0,PASS
United Kingdom,1953,365,0,0.0,PASS
United Kingdom,1954,365,0,0.0,PASS
United Kingdom,1955,365,0,0.0,PASS
United Kingdom,1956,366,0,0.0,PASS
United Kingdom,1957,365,0,0.0,PASS
United Kingdom,1958,365,0,0.0,PASS
United Kingdom,1959,365,0,0.0,PASS
United Kingdom,1960,366,0,0.0,PASS
United Kingdom,1961,365,0,0.0,PASS
United Kingdom,1962,365,0,0.0,PASS
United Kingdom,1963,365,0,0.0,PASS
United Kingdom,1964,366,0,0.0,PASS
United Kingdom,1965,365,0,0.0,PASS
United Kingdom,1966,365,0,0.0,PASS
United Kingdom,1967,365,0,0.0,PASS
United Kingdom,1968,366,0,0.0,PASS
United Kingdom,1969,365,0,0.0,PASS
United Kingdom,1970,365,0,0.0,PASS
United Kingdom,1971,365,0,0.0,PASS
United Kingdom,1972,366,0,0.0,PASS
United Kingdom,1973,365,0,0.0,PASS
United Kingdom,1974,365,0,0.0,PASS
United Kingdom,1975,365,0,0.0,PASS
United Kingdom,1976,366,0,0.0,PASS
United Kingdom,1977,365,0,0.0,PASS
United Kingdom,1978,365,0,0.0,PASS
United Kingdom,1979,365,0,0.0,PASS
United Kingdom,1980,366,0,0.0,PASS
United Kingdom,1981,365,0,0.0,PASS
United Kingdom,1982,365,0,0.0,PASS
United Kingdom,1983,365,0,0.0,PASS
United Kingdom,1984,366,0,0.0,PASS
United Kingdom,1985,365,0,0.0,PASS
United Kingdom,1986,365,0,0.0,PASS
United Kingdom,1987,365,0,0.0,PASS
United Kingdom,1988,366,0,0.0,PASS
United Kingdom,1989,365,0,0.0,PASS
United Kingdom,1990,365,0,0.0,PASS
United Kingdom,1991,365,0,0.0,PASS
United Kingdom,1992,366,0,0.0,PASS
United Kingdom,1993,365,0,0.0,PASS
United Kingdom,1994,365,0,0.0,PASS
United Kingdom,1995,365,0,0.0,PASS
United Kingdom,1996,366,0,0.0,PASS
United Kingdom,1997,365,0,0.0,PASS
United Kingdom,1998,365,0,0.0,PASS
United Kingdom,1999,365,0,0.0,PASS
United Kingdom,2000,366,0,0.0,PASS
United Kingdom,2001,365,0,0.0,PASS
United Kingdom,2002,365,0,0.0,PASS
United Kingdom,2003,365,0,0.0,PASS
United Kingdom,2004,366,0,0.0,PASS
United Kingdom,2005,365,0,0.0,PASS
United Kingdom,2006,365,0,0.0,PASS
United Kingdom,2007,365,0,0.0,PASS
United Kingdom,2008,366,0,0.0,PASS
United Kingdom,2009,365,0,0.0,PASS
United Kingdom,2010,365,0,0.0,PASS
United Kingdom,2011,365,0,0.0,PASS
United Kingdom,2012,366,0,0.0,PASS
United Kingdom,2013,365,0,0.0,PASS
United Kingdom,2014,365,0,0.0,PASS
United Kingdom,2015,365,0,0.0,PASS
United Kingdom,2016,366,0,0.0,PASS
United Kingdom,2017,365,0,0.0,PASS
United Kingdom,2018,365,0,0.0,PASS
United Kingdom,2019,365,0,0.0,PASS
United Kingdom,2020,366,0,0.0,PASS
United Kingdom,2021,365,0,0.0,PASS
United Kingdom,2022,365,0,0.0,PASS
United Kingdom,2023,365,0,0.0,PASS
United Kingdom,2024,366,0,0.0,PASS
